기준_날짜,집계_기준,기준_시간대,시작_대여소_ID,시작_대여소명,종료_대여소_ID,종료_대여소명,전체_건수,전체_이용_분,전체_이용_거리
20250607,도착시간,1620,ST-1990,영등포본동_020_2,ST-3283,신길3동_026_2,1,10.0,1286.0
20250607,출발시간,1055,ST-550,잠실3동_028_2,ST-1729,삼전동_044_1,1,16.0,1651.0
20250607,출발시간,1935,ST-2547,자양2동_003_1,ST-3070,풍납1동_002_2,1,31.0,5320.0
20250607,출발시간,825,ST-932,흑석동_014_1,ST-2356,흑석동_024_1,1,2.0,537.0
20250607,출발시간,1050,ST-1325,남영동_003_1,ST-2177,한강로동_012_1,1,14.0,2150.0
20250607,도착시간,2200,ST-1833,명일2동_003_2,ST-1058,고덕1동_005_1,2,8.0,1175.0
20250607,도착시간,905,ST-2050,공항동_060_1,ST-1064,발산1동_056_1,1,5.0,561.0
20250607,출발시간,450,ST-3286,전농1동_003_2,ST-274,용신동_014_1,1,11.0,1030.0
20250607,도착시간,900,ST-1263,군자동_035_1,ST-1263,군자동_035_1,1,8.0,348.0
20250607,출발시간,1735,ST-912,면목본동_062_1,ST-2791,월계3동_001_1,1,31.0,6091.0
20250607,출발시간,1025,ST-2978,염리동_021_1,ST-2154,용강동_040_1,1,8.0,951.0
20250607,도착시간,1155,ST-1118,"중계2,3동_047_1",ST-2085,"중계2,3동_011_1",1,5.0,395.0
20250607,도착시간,1450,ST-1556,서초2동_002_1,ST-2668,양재2동_026_1,1,80.0,4018.0
20250607,출발시간,2015,ST-7,서교동_037_1,ST-297,여의동_006_4,2,97.0,12369.0
20250607,출발시간,1125,ST-2740,성내1동_002_1,ST-892,방이1동_009_1,1,14.0,2851.0
20250607,도착시간,2040,ST-2252,신사1동_032_1,ST-2264,역촌동_068_1,1,11.0,1260.0
20250607,출발시간,1750,ST-1224,구로3동_037_1,ST-936,구로3동_034_2,1,5.0,930.0
20250607,도착시간,2115,ST-2270,휘경2동_022_1,ST-269,제기동_025_1,2,90.0,7659.0
20250607,출발시간,1255,ST-2592,오륜동_002_3,ST-897,가락2동_008_1,1,20.0,3470.0
20250607,출발시간,1250,ST-2817,대림1동_015_1,ST-2823,신길6동_018_1,1,,
20250607,출발시간,1605,ST-3047,신정1동_006_1,ST-3331,문래동_022_1,1,12.0,2395.0
20250607,출발시간,1340,ST-3303,신도림동_067_1,ST-3163,목1동_037_2,1,14.0,2495.0
20250607,도착시간,1035,ST-1999,목2동_006_1,ST-426,당산2동_052_1,1,38.0,4397.0
20250607,도착시간,1245,ST-2832,발산1동_071_1,ST-2047,가양1동_016_6,1,9.0,1247.0
20250607,도착시간,1700,ST-2905,망원1동_005_1,ST-455,응암1동_023_1,1,37.0,6393.0
20250607,도착시간,805,ST-2037,가양1동_014_2,ST-85,성산2동_076_3,1,36.0,7535.0
20250607,출발시간,1610,ST-99,자양3동_036_1,ST-1344,한남동_030_1,2,88.0,19176.0
20250607,출발시간,1845,ST-3326,성수2가3동_007_2,ST-382,군자동_014_5,1,14.0,2261.0
20250607,도착시간,2245,ST-2492,가양1동_003_2,ST-2040,가양1동_012_8,1,8.0,1613.0
20250607,도착시간,1550,ST-1957,오류2동_047_1,ST-1239,오류2동_018_1,1,3.0,760.0
20250607,도착시간,2200,ST-2899,여의동_006_2,ST-63,여의동_060_1,2,12.0,1240.0
20250607,출발시간,2140,ST-366,옥수동_045_1,ST-1195,응봉동_003_1,1,6.0,2066.0
20250607,출발시간,905,ST-451,진관동_062_1,ST-476,진관동_005_1,1,14.0,2130.0
20250607,도착시간,150,ST-1375,상봉2동_014_2,ST-1452,면목7동_013_1,1,36.0,1874.0
20250607,출발시간,1905,ST-2363,사당1동_032_1,ST-2363,사당1동_032_1,1,57.0,4956.0
20250607,도착시간,1900,ST-3239,여의동_006_8,ST-704,미성동_025_1,1,109.0,22711.0
20250607,출발시간,1430,ST-417,문래동_057_1,ST-1650,영등포동_023_1,1,15.0,1487.0
20250607,도착시간,20,ST-1776,회현동_004_1,ST-439,남영동_009_1,1,9.0,1574.0
20250607,도착시간,815,ST-589,"면목3,8동_044_1",ST-2904,면목5동_030_4,1,15.0,2207.0
20250607,출발시간,2150,ST-735,공릉1동_016_1,ST-2080,공릉2동_044_1,1,7.0,1277.0
20250607,출발시간,1645,ST-73,여의동_010_1,ST-73,여의동_010_1,2,113.0,1690.0
20250607,도착시간,945,ST-892,방이1동_009_1,ST-2577,방이1동_021_2,1,3.0,950.0
20250607,도착시간,555,ST-1859,석촌동_017_1,ST-1866,석촌동_018_1,1,5.0,867.0
20250607,도착시간,635,ST-343,신수동_047_1,ST-2530,서강동_052_1,1,3.0,617.0
20250607,출발시간,1500,ST-1818,혜화동_032_1,ST-174,"종로1,2,3,4가동_001_3",1,5.0,1358.0
20250607,도착시간,1355,ST-213,공덕동_013_1,ST-213,공덕동_013_1,1,67.0,620.0
20250607,도착시간,2240,ST-1084,문정1동_003_1,ST-895,거여1동_021_1,1,14.0,2185.0
20250607,도착시간,2200,ST-2379,서원동_023_1,ST-883,조원동_015_4,1,19.0,2844.0
20250607,도착시간,1935,ST-1263,군자동_035_1,ST-1194,군자동_003_1,1,62.0,832.0
20250607,도착시간,500,ST-1353,영등포본동_037_1,ST-1974,도림동_002_2,1,7.0,1173.0
20250607,출발시간,2210,ST-2678,대치2동_051_1,ST-1560,개포2동_019_1,1,17.0,2813.0
20250607,출발시간,1050,ST-253,군자동_012_1,ST-382,군자동_014_5,1,3.0,745.0
20250607,출발시간,1705,ST-1017,목5동_008_1,ST-1017,목5동_008_1,1,47.0,1186.0
20250607,도착시간,1605,ST-873,구로5동_016_2,ST-1219,구로1동_002_1,1,51.0,3450.0
20250607,도착시간,1525,ST-2018,염창동_061_2,ST-421,양평2동_002_1,2,64.0,6468.0
20250607,도착시간,1830,ST-3110,"중계2,3동_030_1",ST-2085,"중계2,3동_011_1",1,9.0,1210.0
20250607,도착시간,1410,ST-2693,명동_001_22,ST-2625,광희동_006_1,1,15.0,1814.0
20250607,출발시간,625,ST-1210,길음1동_057_1,ST-1212,길음1동_065_1,1,,
20250607,도착시간,2010,ST-1807,"종로1,2,3,4가동_007_1",ST-435,한강로동_015_1,1,60.0,7620.0
20250607,도착시간,1010,ST-69,여의동_049_2,ST-1356,대방동_007_1,1,7.0,1278.0
20250607,출발시간,2100,ST-2168,서교동_001_1,ST-341,연남동_005_1,1,6.0,1095.0
20250607,출발시간,1015,ST-1098,면목본동_011_1,ST-1098,면목본동_011_1,1,33.0,2629.0
20250607,도착시간,2025,ST-3040,대림3동_019_1,ST-1357,신사동_001_1,1,15.0,3635.0
20250607,출발시간,1850,ST-901,문정2동_044_9,ST-900,문정2동_044_8,1,,
20250607,도착시간,1945,ST-821,개포4동_029_1,ST-2668,양재2동_026_1,1,7.0,746.0
20250607,출발시간,150,ST-372,마장동_014_2,ST-447,마장동_022_1,1,1.0,670.0
20250607,도착시간,1755,ST-1519,화곡6동_014_1,ST-1646,등촌3동_059_1,1,11.0,1090.0
20250607,도착시간,1045,ST-2574,풍납2동_049_3,ST-2574,풍납2동_049_3,1,50.0,8142.0
20250607,도착시간,555,ST-2534,합정동_023_1,ST-2182,용산2가동_010_2,1,49.0,7770.0
20250607,도착시간,1510,ST-1718,방화1동_041_1,ST-1709,가양1동_016_4,1,3.0,492.0
20250607,출발시간,1515,ST-1460,동선동_024_1,ST-1460,동선동_024_1,1,46.0,4234.0
20250607,출발시간,1925,ST-714,은천동_007_1,ST-714,은천동_007_1,1,47.0,5509.0
20250607,출발시간,215,ST-1124,상계2동_025_1,ST-3287,상계10동_012_1,1,9.0,1506.0
20250607,도착시간,1035,ST-855,신내2동_002_2,ST-853,묵1동_015_1,1,16.0,1753.0
20250607,도착시간,835,ST-2991,잠실3동_006_1,ST-547,잠실2동_058_1,1,22.0,1098.0
20250607,도착시간,1905,ST-2935,안암동_006_1,ST-2793,장위2동_005_1,1,33.0,4580.0
20250607,도착시간,1650,ST-1002,목1동_006_1,ST-1495,목5동_035_1,1,21.0,1391.0
20250607,도착시간,835,ST-1504,신정7동_008_1,ST-2011,신정6동_002_1,1,4.0,753.0
20250607,도착시간,1800,ST-93,상암동_025_3,ST-76,상암동_013_1,1,14.0,2234.0
20250607,도착시간,2115,ST-278,양평2동_007_1,ST-2494,염창동_005_1,1,21.0,3524.0
20250607,도착시간,2155,ST-3029,가산동_010_1,ST-3029,가산동_010_1,1,123.0,13005.0
20250607,출발시간,1145,ST-639,독산1동_035_1,ST-624,가산동_003_5,1,9.0,1002.0
20250607,출발시간,1400,ST-942,면목5동_008_1,ST-2341,성수1가1동_003_1,1,92.0,12891.0
20250607,출발시간,1450,ST-2797,방이2동_014_1,ST-1730,송파1동_038_1,2,8.0,1321.0
20250607,도착시간,1155,ST-2407,구의3동_009_2,ST-2547,자양2동_003_1,1,21.0,1670.0
20250607,도착시간,2320,ST-3291,을지로동_001_4,ST-1455,안암동_013_1,1,19.0,4038.0
20250607,출발시간,1040,ST-536,화곡1동_055_1,ST-3163,목1동_037_2,1,16.0,3016.0
20250607,출발시간,1955,ST-2465,구로5동_038_1,ST-1273,구로5동_029_1,1,3.0,607.0
20250607,도착시간,1405,ST-2796,송파2동_002_1,ST-2796,송파2동_002_1,1,56.0,4885.0
20250607,출발시간,2205,ST-2070,중계1동_050_1,ST-2068,공릉1동_059_1,1,16.0,3085.0
20250607,도착시간,1335,ST-1578,세곡동_056_1,ST-2581,장지동_051_1,1,15.0,1221.0
20250607,출발시간,2140,ST-1346,묵1동_005_1,ST-570,묵2동_022_1,1,,
20250607,도착시간,1005,ST-1718,방화1동_041_1,ST-2033,가양1동_012_7,1,3.0,792.0
20250607,도착시간,140,ST-1545,노량진1동_001_1,ST-976,신림동_027_2,2,70.0,8859.0
20250607,출발시간,2055,ST-2477,방화1동_077_1,ST-2477,방화1동_077_1,1,5.0,506.0
20250607,출발시간,1200,ST-750,반포3동_015_5,ST-3003,성수2가3동_004_2,1,60.0,9474.0
20250607,출발시간,1640,ST-2653,신대방1동_019_1,ST-67,여의동_037_2,1,126.0,20357.0
20250607,도착시간,1145,ST-1672,상계9동_003_1,ST-610,"상계6,7동_042_2",1,14.0,1820.0
20250607,출발시간,1605,ST-2039,목5동_023_1,ST-2039,목5동_023_1,1,49.0,1741.0
20250607,도착시간,1725,ST-172,이화동_014_2,ST-1610,"종로5,6가동_010_4",1,2.0,441.0
20250607,도착시간,310,ST-1653,영등포동_009_1,ST-1698,당산2동_001_1,1,8.0,1130.0
20250607,출발시간,2315,ST-942,면목5동_008_1,ST-942,면목5동_008_1,1,42.0,3664.0
20250607,출발시간,1620,ST-52,여의동_001_3,ST-70,여의동_016_1,1,13.0,1617.0
20250607,도착시간,2020,ST-3324,방화1동_041_4,ST-975,방화1동_040_2,2,6.0,1720.0
20250607,출발시간,2305,ST-3279,수색동_004_2,ST-3279,수색동_004_2,1,8.0,1063.0
20250607,도착시간,1920,ST-3311,구로5동_001_3,ST-3040,대림3동_019_1,1,5.0,786.0
20250607,출발시간,1900,ST-2915,오금동_070_1,ST-549,거여1동_019_1,1,12.0,1286.0
20250607,도착시간,1240,ST-442,서빙고동_007_1,ST-2240,이촌2동_012_1,1,52.0,3850.0
20250607,도착시간,1900,ST-2958,양평1동_003_1,ST-1973,당산2동_037_1,1,23.0,2521.0
20250607,출발시간,1505,ST-1639,상계8동_030_1,ST-1291,"상계6,7동_027_3",1,9.0,1348.0
20250607,도착시간,2020,ST-2456,한강로동_001_1,ST-1910,반포3동_015_3,1,27.0,6019.0
20250607,출발시간,1210,ST-1227,개봉1동_044_1,ST-678,개봉1동_021_1,1,8.0,1138.0
20250607,도착시간,1130,ST-1441,보광동_028_1,ST-2332,금호4가동_019_1,1,17.0,3860.0
20250607,출발시간,1605,ST-294,당산2동_001_3,ST-3212,당산1동_009_1,1,6.0,670.0
20250607,도착시간,1505,ST-831,방화3동_020_1,ST-508,방화1동_002_1,1,3.0,334.0
20250607,출발시간,1855,ST-195,광희동_001_3,ST-1439,광희동_009_1,1,137.0,4680.0
20250607,출발시간,1910,ST-2036,가양1동_017_2,ST-1351,등촌3동_001_1,1,8.0,1421.0
20250607,도착시간,1210,ST-1877,장지동_044_1,ST-1041,성내1동_012_1,1,71.0,14512.0
20250607,도착시간,445,ST-493,천호2동_029_2,ST-1875,오륜동_031_1,1,15.0,4383.0
20250607,출발시간,1115,ST-1006,목5동_005_1,ST-3187,당산2동_003_1,1,70.0,4322.0
20250607,도착시간,1835,ST-259,구의2동_035_1,ST-2314,자양1동_023_1,1,10.0,1730.0
20250607,도착시간,1350,ST-1732,수궁동_020_1,ST-2997,오류1동_039_1,1,12.0,1177.0
20250607,출발시간,1740,ST-3248,둔촌2동_004_1,ST-1841,성내2동_036_1,1,25.0,1198.0
20250607,출발시간,1345,ST-1251,가양1동_020_1,ST-2037,가양1동_014_2,2,7.0,1215.0
20250607,도착시간,1335,ST-1017,목5동_008_1,ST-1002,목1동_006_1,1,7.0,742.0
20250607,도착시간,2350,ST-600,월계1동_011_1,ST-1280,월계1동_015_1,1,3.0,863.0
20250607,출발시간,515,ST-2631,상봉2동_036_2,ST-2631,상봉2동_036_2,1,7.0,1447.0
20250607,도착시간,2125,ST-1326,한강로동_013_1,ST-436,한강로동_015_2,2,17.0,2762.0
20250607,도착시간,1520,ST-1966,구로2동_033_2,ST-666,구로1동_028_1,1,17.0,1623.0
20250607,도착시간,1710,ST-2428,낙성대동_002_1,ST-2995,청룡동_017_1,1,14.0,1494.0
20250607,도착시간,2050,ST-608,"상계3,4동_013_2",ST-914,상계5동_001_2,1,48.0,8082.0
20250607,출발시간,30,ST-1621,천호1동_006_1,ST-501,길동_059_1,1,11.0,1990.0
20250607,출발시간,1540,ST-1677,당산1동_020_1,ST-3187,당산2동_003_1,1,5.0,1480.0
20250607,도착시간,2110,ST-1671,휘경1동_002_1,ST-260,휘경2동_024_1,2,76.0,7308.0
20250607,도착시간,2300,ST-493,천호2동_029_2,ST-1045,성내2동_039_1,1,41.0,2760.0
20250607,도착시간,1300,ST-3276,화곡3동_021_1,ST-3276,화곡3동_021_1,1,19.0,1488.0
20250607,도착시간,1330,ST-461,응암1동_023_2,ST-479,역촌동_080_1,1,27.0,2847.0
20250607,출발시간,1855,ST-1093,중화2동_027_1,ST-1093,중화2동_027_1,1,39.0,1540.0
20250607,출발시간,1010,ST-1035,불광2동_020_1,ST-2905,망원1동_005_1,2,92.0,22635.0
20250607,출발시간,1555,ST-387,광장동_046_1,ST-256,광장동_041_1,1,118.0,2120.0
20250607,도착시간,1105,ST-2310,화양동_046_1,ST-253,군자동_012_1,1,13.0,2071.0
20250607,출발시간,2135,ST-528,등촌2동_026_1,ST-516,등촌1동_012_1,1,7.0,1060.0
20250607,도착시간,1120,ST-1320,양평1동_028_1,ST-1731,목1동_003_5,1,54.0,1120.0
20250607,도착시간,835,ST-1285,"중계2,3동_046_1",ST-1426,중계4동_034_1,1,13.0,1807.0
20250607,도착시간,1450,ST-2045,가양1동_012_12,ST-1709,가양1동_016_4,1,52.0,1026.0
20250607,출발시간,1545,ST-1296,쌍문2동_015_1,ST-2117,쌍문2동_028_1,1,14.0,1887.0
20250607,도착시간,910,ST-815,역삼2동_003_2,ST-966,역삼2동_068_1,1,2.0,605.0
20250607,도착시간,1850,ST-1278,"상계6,7동_001_1",ST-1278,"상계6,7동_001_1",1,77.0,7241.0
20250607,출발시간,1955,ST-1220,구로5동_039_1,ST-1357,신사동_001_1,2,48.0,7043.0
20250607,도착시간,2135,ST-891,잠실6동_001_7,ST-2581,장지동_051_1,2,95.0,13460.0
20250607,출발시간,1120,ST-1961,고척1동_009_1,ST-3182,구로2동_001_6,1,12.0,1841.0
20250607,도착시간,2135,ST-1184,수서동_019_1,ST-937,일원본동_029_1,1,19.0,3015.0
20250607,도착시간,1745,ST-62,여의동_017_1,ST-687,노량진2동_003_1,1,41.0,5692.0
20250607,출발시간,1615,ST-359,행당1동_001_1,ST-359,행당1동_001_1,1,38.0,3740.0
20250607,도착시간,2210,ST-1578,세곡동_056_1,ST-1851,석촌동_036_1,1,30.0,4159.0
20250607,도착시간,940,ST-1694,화곡3동_015_1,ST-2044,가양1동_012_11,1,13.0,2121.0
20250607,출발시간,1815,ST-206,용강동_013_1,ST-2905,망원1동_005_1,1,58.0,7977.0
20250607,출발시간,430,ST-1577,역삼1동_044_1,ST-815,역삼2동_003_2,1,13.0,1742.0
20250607,출발시간,2320,ST-2494,염창동_005_1,ST-2946,염창동_003_1,1,6.0,860.0
20250607,출발시간,1305,ST-419,당산1동_006_1,ST-2852,양평1동_027_2,1,4.0,560.0
20250607,도착시간,1740,ST-1862,잠실3동_049_1,ST-933,잠실본동_036_1,1,8.0,1644.0
20250607,출발시간,2230,ST-519,가양3동_001_2,ST-528,등촌2동_026_1,1,8.0,1050.0
20250607,도착시간,1420,ST-2024,가양1동_027_2,ST-1067,가양2동_001_1,1,5.0,568.0
20250607,도착시간,1835,ST-41,신촌동_008_1,ST-1692,성산2동_010_1,1,22.0,3833.0
20250607,도착시간,1305,ST-2333,용답동_017_1,ST-1300,장안1동_070_1,1,5.0,971.0
20250607,도착시간,1645,ST-437,청파동_009_1,ST-437,청파동_009_1,1,107.0,1843.0
20250607,출발시간,1855,ST-2722,창2동_043_1,ST-1131,쌍문1동_001_1,1,20.0,2708.0
20250607,도착시간,1320,ST-1063,가양1동_016_1,ST-2477,방화1동_077_1,1,8.0,1144.0
20250607,출발시간,130,ST-3214,방이2동_006_1,ST-1413,오금동_056_1,1,69.0,3724.0
20250607,도착시간,1020,ST-2974,상암동_024_4,ST-2974,상암동_024_4,1,107.0,24240.0
20250607,출발시간,1530,ST-413,당산1동_014_1,ST-413,당산1동_014_1,1,20.0,2612.0
20250607,출발시간,1440,ST-2188,한남동_023_1,ST-1893,개포2동_004_1,1,47.0,11874.0
20250607,도착시간,1345,ST-1099,상봉2동_019_1,ST-561,망우본동_039_1,1,76.0,2477.0
20250607,도착시간,1750,ST-2705,월계2동_012_1,ST-604,공릉2동_044_3,1,15.0,2070.0
20250607,출발시간,1845,ST-2353,대방동_033_1,ST-728,대방동_031_2,1,13.0,2105.0
20250607,출발시간,1500,ST-1519,화곡6동_014_1,ST-2491,가양1동_001_3,1,33.0,3779.0
20250607,도착시간,1650,ST-1268,보라매동_001_1,ST-1268,보라매동_001_1,1,52.0,4105.0
20250607,출발시간,1550,ST-2694,여의동_002_13,ST-414,여의동_002_17,1,90.0,8643.0
20250607,출발시간,5,ST-2325,군자동_035_2,ST-1346,묵1동_005_1,2,80.0,14041.0
20250607,도착시간,1905,ST-3002,성수1가1동_009_1,X,,1,55.0,1239.0
20250607,도착시간,2145,ST-2791,월계3동_001_1,ST-3122,월계1동_036_1,1,12.0,1011.0
20250607,출발시간,1755,ST-2487,등촌1동_033_1,ST-2487,등촌1동_033_1,1,89.0,15341.0
20250607,출발시간,1150,ST-2227,동선동_021_1,ST-177,숭인2동_005_2,1,14.0,2208.0
20250607,출발시간,1025,ST-1539,양평2동_029_1,ST-3187,당산2동_003_1,1,10.0,1580.0
20250607,출발시간,1205,ST-198,신당동_004_1,ST-2565,"종로1,2,3,4가동_009_2",1,16.0,3236.0
20250607,출발시간,1705,ST-2935,안암동_006_1,ST-655,종암동_012_1,1,5.0,1109.0
20250607,출발시간,2105,ST-243,용답동_004_1,ST-262,장안2동_036_1,1,9.0,1623.0
20250607,도착시간,420,ST-2895,독산1동_070_1,ST-1933,독산1동_045_1,1,4.0,818.0
20250607,도착시간,1735,ST-3166,중앙동_022_1,ST-3166,중앙동_022_1,2,64.0,6446.0
20250607,도착시간,1210,ST-114,군자동_017_1,ST-382,군자동_014_5,1,8.0,986.0
20250607,도착시간,1215,ST-1849,고덕1동_042_1,ST-1833,명일2동_003_2,1,8.0,1120.0
20250607,도착시간,1900,ST-461,응암1동_023_2,ST-2777,응암1동_031_2,1,54.0,5725.0
20250607,도착시간,1350,ST-2282,중화2동_018_1,ST-2270,휘경2동_022_1,1,11.0,1220.0
20250607,출발시간,720,ST-1351,등촌3동_001_1,ST-3128,가양1동_012_14,1,5.0,737.0
20250607,출발시간,1120,ST-198,신당동_004_1,ST-177,숭인2동_005_2,1,78.0,3766.0
20250607,도착시간,1740,ST-1081,송파1동_030_1,ST-2621,방이1동_003_1,2,56.0,6512.0
20250607,도착시간,1625,ST-3253,신내2동_004_1,ST-1345,망우본동_003_1,1,14.0,2528.0
20250607,출발시간,1250,ST-927,반포1동_057_1,ST-3077,대치2동_010_1,1,24.0,5156.0
20250607,출발시간,1145,ST-2018,염창동_061_2,ST-3125,염창동_087_1,1,41.0,610.0
20250607,도착시간,2125,ST-2929,둔촌1동_001_2,ST-1837,길동_044_1,1,20.0,2688.0
20250607,도착시간,1235,ST-669,구로3동_014_1,ST-1275,구로5동_040_1,1,16.0,1401.0
20250607,출발시간,1900,ST-2703,하계2동_040_1,ST-2085,"중계2,3동_011_1",1,7.0,634.0
20250607,출발시간,910,ST-2748,성내2동_023_1,ST-2740,성내1동_002_1,1,5.0,849.0
20250607,출발시간,1750,ST-3077,대치2동_010_1,ST-737,가락본동_002_1,1,39.0,6664.0
20250607,도착시간,2220,ST-1679,역삼1동_057_1,ST-2570,양재1동_013_1,2,40.0,5448.0
20250607,출발시간,1815,ST-2076,공릉1동_040_1,ST-603,공릉2동_029_2,1,9.0,1250.0
20250607,출발시간,1140,ST-422,당산2동_003_2,ST-2240,이촌2동_012_1,2,75.0,13488.0
20250607,도착시간,2005,ST-1844,고덕1동_019_1,ST-1844,고덕1동_019_1,1,80.0,3583.0
20250607,출발시간,100,ST-195,광희동_001_3,ST-3356,용신동_035_1,1,25.0,3358.0
20250607,도착시간,2210,ST-639,독산1동_035_1,ST-1141,가산동_019_1,1,7.0,1015.0
20250607,출발시간,1450,ST-1602,광장동_013_1,ST-1379,광장동_040_1,1,64.0,2568.0
20250607,도착시간,1905,ST-1254,방화1동_043_1,ST-2031,가양1동_018_1,1,6.0,761.0
20250607,출발시간,715,ST-1597,고덕1동_095_1,ST-3358,고덕2동_003_2,1,104.0,17768.0
20250607,출발시간,2000,ST-3212,당산1동_009_1,ST-2654,신대방2동_009_1,1,40.0,4730.0
20250607,출발시간,1435,ST-278,양평2동_007_1,ST-1701,당산2동_057_1,1,20.0,1830.0
20250607,출발시간,820,ST-733,신대방2동_007_3,ST-1546,조원동_019_1,1,6.0,914.0
20250607,출발시간,1335,ST-18,서교동_004_1,ST-1190,연희동_036_1,1,7.0,1420.0
20250607,도착시간,1615,ST-611,"상계6,7동_009_2",ST-914,상계5동_001_2,1,9.0,1154.0
20250607,출발시간,1945,ST-3300,오륜동_001_5,ST-546,잠실본동_006_1,2,102.0,10607.0
20250607,출발시간,2050,ST-315,신정6동_017_1,ST-1996,목1동_045_1,1,10.0,1188.0
20250607,도착시간,1205,ST-72,여의동_006_17,ST-73,여의동_010_1,1,56.0,1496.0
20250607,출발시간,1915,ST-2107,창5동_030_1,ST-1638,창2동_014_1,1,50.0,2418.0
20250607,도착시간,2155,ST-512,방화1동_048_2,ST-1254,방화1동_043_1,1,3.0,420.0
20250607,출발시간,2110,ST-475,불광1동_006_1,ST-3058,진관동_014_1,1,12.0,3210.0
20250607,출발시간,1850,ST-2697,상일2동_002_1,ST-2697,상일2동_002_1,2,51.0,1645.0
20250607,도착시간,1830,ST-3263,가양1동_010_3,ST-2910,시흥4동_011_1,1,93.0,24381.0
20250607,도착시간,750,ST-279,양평2동_011_1,ST-750,반포3동_015_5,1,101.0,13512.0
20250607,출발시간,250,ST-2412,발산1동_057_4,ST-1695,방화2동_007_2,1,21.0,4025.0
20250607,도착시간,800,ST-76,상암동_013_1,ST-76,상암동_013_1,1,42.0,1246.0
20250607,도착시간,1315,ST-2395,신정6동_002_2,ST-2012,신정6동_044_1,1,3.0,581.0
20250607,도착시간,2000,ST-1586,잠실6동_001_1,X,,1,217.0,691.0
20250607,도착시간,2040,ST-2886,발산1동_007_4,ST-2477,방화1동_077_1,1,9.0,1390.0
20250607,도착시간,140,ST-2706,중계1동_025_3,ST-3116,"상계6,7동_005_1",1,11.0,1096.0
20250607,출발시간,1950,ST-2031,가양1동_018_1,ST-2035,가양1동_016_5,2,16.0,1960.0
20250607,도착시간,2225,ST-1976,문래동_032_1,ST-1976,문래동_032_1,2,104.0,17523.0
20250607,출발시간,2125,ST-1910,반포3동_015_3,ST-1158,서초3동_023_1,1,19.0,2285.0
20250607,도착시간,2255,ST-66,여의동_006_16,ST-920,개봉1동_043_4,2,96.0,15033.0
20250607,도착시간,1015,ST-2508,용신동_060_1,ST-2422,명동_001_13,1,14.0,3738.0
20250607,출발시간,420,ST-1991,신길7동_028_1,ST-3227,목1동_003_6,1,27.0,5610.0
20250607,도착시간,1940,ST-259,구의2동_035_1,ST-257,자양1동_007_1,1,16.0,2369.0
20250607,출발시간,1440,ST-1729,삼전동_044_1,ST-550,잠실3동_028_2,1,10.0,1190.0
20250607,도착시간,740,ST-673,구로5동_006_1,ST-1652,대림2동_011_1,1,9.0,1604.0
20250607,출발시간,1105,ST-46,여의동_002_19,ST-2654,신대방2동_009_1,2,118.0,10587.0
20250607,도착시간,1925,ST-2007,신정2동_028_1,ST-1731,목1동_003_5,1,7.0,656.0
20250607,도착시간,5,ST-3269,방학1동_013_1,ST-2710,상계8동_002_1,1,5.0,1253.0
20250607,도착시간,1750,ST-847,묵1동_013_1,ST-570,묵2동_022_1,1,70.0,4110.0
20250607,도착시간,2325,ST-463,증산동_011_1,ST-3095,증산동_004_1,1,6.0,1040.0
20250607,출발시간,2225,ST-919,고척1동_001_2,ST-1529,구로2동_001_1,1,4.0,630.0
20250607,도착시간,825,ST-2363,사당1동_032_1,ST-2669,방배3동_025_1,1,9.0,2560.0
20250607,도착시간,1200,ST-445,군자동_032_2,ST-109,성수1가2동_001_1,1,21.0,2675.0
20250607,출발시간,2220,ST-1152,사당3동_031_1,ST-2364,사당1동_044_1,1,4.0,793.0
20250607,도착시간,1705,ST-175,숭인1동_009_1,ST-2935,안암동_006_1,1,19.0,2810.0
20250607,출발시간,1705,ST-1285,"중계2,3동_046_1",ST-3175,창4동_048_1,1,8.0,812.0
20250607,출발시간,1855,ST-669,구로3동_014_1,ST-1222,구로5동_005_1,1,12.0,2018.0
20250607,출발시간,1725,ST-1201,동선동_028_1,ST-1195,응봉동_003_1,1,54.0,7671.0
20250607,출발시간,1925,ST-3301,상계2동_033_1,ST-1476,상계10동_034_1,1,5.0,920.0
20250607,도착시간,230,ST-73,여의동_010_1,ST-1517,발산1동_001_1,2,264.0,27224.0
20250607,출발시간,1710,ST-2989,위례동_013_4,ST-1417,위례동_034_1,1,42.0,3160.0
20250607,출발시간,1540,ST-2761,신정4동_005_1,ST-2012,신정6동_044_1,1,80.0,2807.0
20250607,도착시간,1645,ST-1793,가락1동_039_1,ST-2581,장지동_051_1,1,51.0,4245.0
20250607,도착시간,200,ST-3048,신정3동_062_3,ST-1398,신정3동_079_1,1,3.0,362.0
20250607,도착시간,2315,ST-409,답십리1동_006_1,ST-392,전농1동_054_1,1,13.0,1383.0
20250607,도착시간,1250,ST-1509,가양3동_028_1,ST-1509,가양3동_028_1,1,80.0,14853.0
20250607,도착시간,1820,ST-1996,목1동_045_1,ST-2763,신정6동_020_1,1,9.0,1018.0
20250607,도착시간,1055,ST-241,사근동_008_1,ST-3002,성수1가1동_009_1,1,12.0,2240.0
20250607,출발시간,0,ST-983,중곡1동_015_1,ST-3353,장안1동_069_1,2,26.0,4100.0
20250607,도착시간,1700,ST-853,묵1동_015_1,ST-1111,공릉1동_042_1,1,8.0,1291.0
20250607,출발시간,2005,ST-2002,목5동_002_4,ST-2773,목5동_013_1,1,7.0,1800.0
20250607,도착시간,1300,ST-1063,가양1동_016_1,ST-2965,공항동_057_1,1,24.0,939.0
20250607,출발시간,1120,ST-488,암사1동_044_1,ST-3085,명일1동_008_1,1,12.0,1631.0
20250607,출발시간,2105,ST-1278,"상계6,7동_001_1",ST-3015,"상계6,7동_042_1",2,96.0,14684.0
20250607,도착시간,1755,ST-1660,자양3동_013_1,ST-442,서빙고동_007_1,1,52.0,9977.0
20250607,도착시간,250,ST-1079,방이1동_021_1,ST-908,방이1동_013_1,1,7.0,852.0
20250607,출발시간,1900,ST-971,월계3동_001_4,ST-3233,면목5동_019_1,2,93.0,14477.0
20250607,도착시간,2205,ST-1640,상계9동_027_1,ST-3301,상계2동_033_1,1,23.0,2376.0
20250607,출발시간,125,ST-1132,창4동_001_1,ST-736,중계1동_020_2,1,20.0,3124.0
20250607,출발시간,1950,ST-2857,방화1동_040_1,ST-2493,방화3동_017_1,1,40.0,2920.0
20250607,도착시간,1030,ST-2905,망원1동_005_1,ST-455,응암1동_023_1,1,47.0,7026.0
20250607,출발시간,1915,ST-1667,상도1동_066_1,ST-1667,상도1동_066_1,2,,
20250607,도착시간,1035,ST-2342,용답동_019_1,ST-1639,상계8동_030_1,1,81.0,14581.0
20250607,출발시간,2235,ST-95,상암동_025_5,ST-1397,성산2동_032_1,1,10.0,1406.0
20250607,도착시간,1035,ST-3263,가양1동_010_3,ST-516,등촌1동_012_1,1,22.0,3290.0
20250607,출발시간,825,ST-496,성내2동_018_1,ST-1046,성내2동_010_1,1,,
20250607,도착시간,45,ST-463,증산동_011_1,ST-33,북가좌2동_042_1,1,,
20250607,도착시간,1750,ST-791,압구정동_051_1,ST-791,압구정동_051_1,1,,
20250607,출발시간,1940,ST-2152,서교동_041_1,ST-2905,망원1동_005_1,2,119.0,11073.0
20250607,도착시간,1310,ST-277,양평2동_017_1,ST-2494,염창동_005_1,1,12.0,2250.0
20250607,출발시간,1620,ST-2905,망원1동_005_1,ST-344,성산2동_076_2,1,57.0,1842.0
20250607,도착시간,2030,ST-2905,망원1동_005_1,ST-463,증산동_011_1,2,47.0,8563.0
20250607,도착시간,1855,ST-1111,공릉1동_042_1,ST-1279,"상계6,7동_027_2",2,95.0,11639.0
20250607,도착시간,2005,ST-871,오류2동_011_2,ST-3103,오류2동_001_1,1,7.0,1211.0
20250607,출발시간,1040,ST-2007,신정2동_028_1,ST-2879,신정2동_026_1,1,2.0,560.0
20250607,출발시간,910,ST-3324,방화1동_041_4,ST-2033,가양1동_012_7,1,6.0,937.0
20250607,도착시간,155,ST-2794,신월5동_023_1,ST-1065,가양1동_016_2,1,20.0,3060.0
20250607,출발시간,1815,ST-3123,중계4동_011_1,ST-2718,"중계2,3동_049_1",1,51.0,3759.0
20250607,출발시간,945,ST-2709,상계8동_043_1,ST-3116,"상계6,7동_005_1",1,13.0,1834.0
20250607,출발시간,845,ST-758,방배4동_025_1,ST-935,방배4동_006_1,1,2.0,407.0
20250607,도착시간,1700,ST-853,묵1동_015_1,ST-2629,상봉2동_015_1,1,24.0,1442.0
20250607,도착시간,1940,ST-830,둔촌1동_001_4,ST-2929,둔촌1동_001_2,1,45.0,4702.0
20250607,도착시간,2305,ST-156,혜화동_002_1,ST-1207,성북동_015_1,1,4.0,624.0
20250607,도착시간,1300,ST-905,문정2동_010_1,ST-2575,가락본동_007_1,1,51.0,3737.0
20250607,도착시간,1840,ST-1065,가양1동_016_2,ST-2026,가양1동_003_1,1,15.0,1677.0
20250607,도착시간,105,ST-2538,발산1동_007_1,ST-2047,가양1동_016_6,1,3.0,372.0
20250607,도착시간,1635,ST-2993,발산1동_056_2,ST-2888,우장산동_044_1,1,10.0,1475.0
20250607,출발시간,2015,ST-480,구산동_043_1,ST-2782,갈현1동_002_2,1,28.0,2300.0
20250607,출발시간,1515,ST-481,구산동_029_1,ST-480,구산동_043_1,1,102.0,380.0
20250607,도착시간,1530,ST-398,답십리1동_025_1,ST-3228,용답동_001_2,1,3.0,318.0
20250607,출발시간,1655,ST-788,논현1동_006_2,ST-3332,반포1동_023_1,1,58.0,1251.0
20250607,출발시간,1305,ST-342,성산1동_022_1,ST-4,서교동_020_1,1,2.0,381.0
20250607,출발시간,1940,ST-241,사근동_008_1,ST-1195,응봉동_003_1,1,14.0,2387.0
20250607,출발시간,1500,ST-2020,등촌1동_025_1,ST-3226,등촌3동_001_5,1,10.0,1442.0
20250607,도착시간,1905,ST-278,양평2동_007_1,ST-2920,양평2동_006_1,1,2.0,372.0
20250607,출발시간,1830,ST-119,사직동_008_1,ST-119,사직동_008_1,1,,
20250607,출발시간,1440,ST-2876,방이2동_005_1,ST-1864,잠실본동_004_1,1,99.0,6152.0
20250607,도착시간,145,ST-2005,신정1동_005_1,ST-919,고척1동_001_2,1,17.0,2665.0
20250607,출발시간,1810,ST-547,잠실2동_058_1,ST-547,잠실2동_058_1,1,3.0,747.0
20250607,출발시간,2040,ST-5,망원1동_024_1,ST-21,신수동_021_1,1,23.0,4064.0
20250607,출발시간,10,ST-740,오금동_006_1,ST-2600,마천2동_019_1,1,12.0,1748.0
20250607,도착시간,835,ST-2191,서빙고동_015_1,ST-1442,한강로동_030_1,1,14.0,1914.0
20250607,출발시간,1330,ST-1793,가락1동_039_1,ST-1866,석촌동_018_1,1,6.0,758.0
20250607,도착시간,915,ST-910,월곡2동_015_1,ST-655,종암동_012_1,1,7.0,1232.0
20250607,출발시간,1550,ST-2283,상봉2동_036_1,ST-2283,상봉2동_036_1,1,99.0,1743.0
20250607,도착시간,30,ST-795,청담동_022_1,ST-114,군자동_017_1,1,20.0,3767.0
20250607,출발시간,1105,ST-2327,사근동_006_2,X,,1,60.0,5119.0
20250607,도착시간,1345,ST-3162,삼전동_039_1,ST-1586,잠실6동_001_1,1,10.0,1418.0
20250607,출발시간,210,ST-612,상계1동_028_1,ST-1289,,1,6.0,954.0
20250607,출발시간,1340,ST-3215,신월2동_006_1,ST-2003,신월1동_039_1,1,7.0,1041.0
20250607,도착시간,1835,ST-295,당산2동_025_1,ST-1986,당산2동_065_1,1,4.0,670.0
20250607,도착시간,1705,ST-867,중계1동_025_5,ST-3110,"중계2,3동_030_1",1,,
20250607,도착시간,2200,ST-890,양재2동_039_6,ST-769,양재1동_013_2,1,11.0,1850.0
20250607,출발시간,1440,ST-485,천호2동_037_1,ST-492,암사2동_002_1,2,14.0,1777.0
20250607,도착시간,1320,ST-306,영등포동_054_1,ST-3204,영등포동_053_2,1,7.0,790.0
20250607,도착시간,1210,ST-422,당산2동_003_2,ST-1986,당산2동_065_1,1,7.0,1032.0
20250607,도착시간,1830,ST-2797,방이2동_014_1,ST-1413,오금동_056_1,1,18.0,3309.0
20250607,도착시간,1000,ST-2514,소공동_002_3,ST-3342,소공동_001_11,1,11.0,1002.0
20250607,도착시간,1825,ST-2156,합정동_006_1,ST-2160,성산2동_026_1,2,62.0,5866.0
20250607,도착시간,1815,ST-206,용강동_013_1,ST-339,망원1동_005_2,2,50.0,8997.0
20250607,도착시간,1740,ST-2706,중계1동_025_3,ST-1286,"중계2,3동_015_1",2,10.0,1228.0
20250607,도착시간,1600,ST-1725,번3동_002_2,ST-1725,번3동_002_2,1,46.0,2024.0
20250607,도착시간,1440,ST-2410,가락1동_048_4,ST-2409,가락1동_048_3,1,7.0,1264.0
20250607,출발시간,1755,ST-25,홍제3동_011_1,ST-2213,홍은2동_026_1,1,38.0,3698.0
20250607,도착시간,2025,ST-891,잠실6동_001_7,ST-1661,자양4동_009_1,1,30.0,4804.0
20250607,출발시간,1350,ST-117,사직동_009_1,ST-123,사직동_006_1,1,7.0,1062.0
20250607,출발시간,1555,ST-289,문래동_003_2,ST-2815,영등포동_024_1,2,18.0,1254.0
20250607,도착시간,1510,ST-1229,개봉1동_028_1,ST-1523,고척2동_002_1,1,51.0,3797.0
20250607,도착시간,210,ST-1545,노량진1동_001_1,ST-1926,반포1동_036_1,1,53.0,9028.0
20250607,도착시간,1855,ST-364,성수2가3동_012_4,ST-109,성수1가2동_001_1,2,58.0,8822.0
20250607,출발시간,1450,ST-1237,구로4동_002_1,ST-702,신림동_006_1,1,21.0,3670.0
20250607,출발시간,120,ST-2815,영등포동_024_1,ST-1968,영등포동_016_1,2,20.0,1981.0
20250607,출발시간,1825,ST-2765,신정7동_004_2,ST-317,신정3동_010_1,1,27.0,1630.0
20250607,도착시간,1555,ST-1548,은천동_065_1,ST-1223,구로5동_001_1,2,90.0,15109.0
20250607,출발시간,1620,ST-1323,도림동_002_1,ST-3341,문래동_017_1,1,7.0,1397.0
20250607,출발시간,1435,ST-1964,신도림동_030_1,ST-3303,신도림동_067_1,1,4.0,372.0
20250607,출발시간,1915,ST-3356,용신동_035_1,ST-2272,용신동_042_2,1,33.0,6076.0
20250607,출발시간,2310,ST-2150,상암동_042_1,ST-462,응암3동_002_2,1,25.0,2796.0
20250607,도착시간,810,ST-431,목4동_007_1,ST-3104,목1동_010_2,1,1.0,445.0
20250607,출발시간,2205,ST-1758,전농2동_007_1,ST-2280,이문1동_032_1,1,20.0,1611.0
20250607,출발시간,1510,ST-2797,방이2동_014_1,ST-908,방이1동_013_1,1,4.0,615.0
20250607,출발시간,1825,ST-1976,문래동_032_1,ST-1976,문래동_032_1,1,,
20250607,출발시간,1655,ST-1660,자양3동_013_1,ST-2545,자양3동_030_1,1,,
20250607,출발시간,45,ST-1973,당산2동_037_1,ST-3241,당산1동_028_2,1,3.0,480.0
20250607,도착시간,930,ST-2820,문래동_025_1,ST-3330,문래동_021_1,1,4.0,370.0
20250607,출발시간,1350,ST-2633,신내1동_043_1,ST-853,묵1동_015_1,1,7.0,1134.0
20250607,도착시간,1315,ST-1546,조원동_019_1,ST-1542,신대방1동_015_1,1,4.0,710.0
20250607,도착시간,2115,ST-2727,창3동_011_1,ST-3101,월계2동_043_1,1,22.0,2298.0
20250607,출발시간,1110,ST-1310,방배2동_031_1,ST-52,여의동_001_3,1,66.0,11136.0
20250607,출발시간,710,ST-1729,삼전동_044_1,ST-1729,삼전동_044_1,1,111.0,3103.0
20250607,출발시간,810,ST-463,증산동_011_1,ST-2025,가양2동_001_3,1,44.0,8106.0
20250607,도착시간,145,ST-47,여의동_001_1,ST-3239,여의동_006_8,1,3.0,501.0
20250607,출발시간,2330,ST-177,숭인2동_005_2,ST-1455,안암동_013_1,1,6.0,940.0
20250607,도착시간,2255,ST-2204,연희동_046_1,ST-30,신촌동_024_2,1,11.0,1331.0
20250607,출발시간,1835,ST-2067,공릉1동_061_1,ST-736,중계1동_020_2,1,16.0,2541.0
20250607,도착시간,1755,ST-483,자양3동_029_1,ST-483,자양3동_029_1,1,97.0,4792.0
20250607,도착시간,1115,ST-2226,삼선동_002_2,ST-947,삼선동_026_1,1,3.0,395.0
20250607,도착시간,905,ST-665,구로1동_009_1,ST-2396,신정6동_002_3,1,21.0,3730.0
20250607,도착시간,2220,ST-2320,군자동_032_1,ST-99,자양3동_036_1,1,54.0,4361.0
20250607,출발시간,1105,ST-1663,자양1동_017_1,ST-1663,자양1동_017_1,1,11.0,650.0
20250607,출발시간,805,ST-2621,방이1동_003_1,ST-2876,방이2동_005_1,1,9.0,1265.0
20250607,도착시간,1400,ST-1335,면목2동_026_1,ST-3006,망우본동_004_1,1,93.0,3560.0
20250607,출발시간,1640,ST-1723,월곡1동_006_1,ST-3046,종암동_046_1,1,3.0,750.0
20250607,도착시간,1745,ST-2411,공항동_037_1,ST-1253,방화1동_049_1,1,58.0,4520.0
20250607,출발시간,350,ST-2499,답십리2동_017_1,ST-268,전농2동_028_1,1,12.0,2267.0
20250607,출발시간,115,ST-1123,공릉1동_049_1,ST-2896,공릉1동_040_2,1,8.0,803.0
20250607,출발시간,1150,ST-604,공릉2동_044_3,ST-2896,공릉1동_040_2,1,22.0,1390.0
20250607,도착시간,1200,ST-2210,연희동_055_1,ST-3349,홍은2동_033_2,1,13.0,1538.0
20250607,도착시간,2035,ST-2905,망원1동_005_1,ST-1331,응암3동_023_1,1,31.0,5618.0
20250607,출발시간,815,ST-2565,"종로1,2,3,4가동_009_2",ST-1456,성북동_029_1,1,24.0,3411.0
20250607,도착시간,1035,ST-1941,독산3동_037_1,ST-2642,독산1동_046_1,1,12.0,2019.0
20250607,도착시간,1310,ST-1859,석촌동_017_1,ST-1867,잠실3동_061_1,1,7.0,1059.0
20250607,도착시간,1105,ST-2264,역촌동_068_1,ST-454,대조동_020_1,1,25.0,1940.0
20250607,출발시간,1010,ST-446,성수2가1동_023_1,ST-1660,자양3동_013_1,1,14.0,1799.0
20250607,도착시간,1245,ST-2846,"면목3,8동_026_1",ST-48,용답동_017_4,1,22.0,4780.0
20250607,도착시간,820,ST-3233,면목5동_019_1,ST-595,면목5동_001_1,1,,
20250607,도착시간,2100,ST-840,잠실3동_017_1,ST-2305,자양3동_007_1,1,22.0,3957.0
20250607,도착시간,2025,ST-297,여의동_006_4,ST-2813,여의동_035_1,1,9.0,1322.0
20250607,도착시간,1205,ST-2321,화양동_040_1,ST-112,성수2가3동_004_1,1,7.0,899.0
20250607,출발시간,1840,ST-464,역촌동_032_1,ST-33,북가좌2동_042_1,1,23.0,3200.0
20250607,출발시간,1500,ST-2282,중화2동_018_1,ST-2299,상봉1동_003_1,1,12.0,1619.0
20250607,도착시간,2145,ST-971,월계3동_001_4,ST-1476,상계10동_034_1,1,52.0,7820.0
20250607,도착시간,1835,ST-89,성산2동_001_3,ST-89,성산2동_001_3,3,154.0,10189.0
20250607,출발시간,1600,ST-2465,구로5동_038_1,ST-3303,신도림동_067_1,1,5.0,665.0
20250607,출발시간,1450,ST-579,석관동_032_1,ST-572,월곡2동_024_1,1,15.0,1525.0
20250607,도착시간,2250,ST-1151,신대방2동_007_1,ST-2905,망원1동_005_1,1,67.0,11310.0
20250607,도착시간,30,ST-842,삼선동_001_1,ST-3203,길음2동_002_2,1,,
20250607,도착시간,1755,ST-2833,석촌동_015_1,ST-840,잠실3동_017_1,1,66.0,3498.0
20250607,도착시간,2120,ST-2837,삼성2동_007_1,ST-801,삼성1동_021_2,1,159.0,18990.0
20250607,출발시간,135,ST-3142,영등포본동_020_3,ST-68,여의동_042_1,1,119.0,5345.0
20250607,도착시간,2155,ST-1083,풍납1동_003_1,ST-2876,방이2동_005_1,3,62.0,9102.0
20250607,출발시간,1800,ST-1188,북아현동_005_1,ST-40,신촌동_038_1,2,31.0,3438.0
20250607,도착시간,1620,ST-634,독산1동_011_1,ST-633,독산1동_010_1,1,13.0,1043.0
20250607,출발시간,130,ST-481,구산동_029_1,ST-1032,불광1동_030_1,1,16.0,2557.0
20250607,도착시간,2335,ST-891,잠실6동_001_7,ST-2749,길동_012_1,1,35.0,5803.0
20250607,출발시간,2305,ST-1799,이화동_002_1,ST-1799,이화동_002_1,1,30.0,4398.0
20250607,출발시간,2205,ST-1118,"중계2,3동_047_1",ST-1291,"상계6,7동_027_3",1,14.0,1690.0
20250607,출발시간,1725,ST-883,조원동_015_4,ST-668,구로3동_034_1,1,4.0,670.0
20250607,출발시간,1535,ST-1496,목5동_028_1,ST-1017,목5동_008_1,1,121.0,12180.0
20250607,출발시간,1500,ST-1186,수서동_023_1,ST-1364,세곡동_010_1,1,8.0,1290.0
20250607,도착시간,210,ST-1174,압구정동_044_1,ST-821,개포4동_029_1,1,26.0,5923.0
20250607,출발시간,1150,ST-344,성산2동_076_2,ST-344,성산2동_076_2,1,58.0,2024.0
20250607,도착시간,2110,ST-2094,방학1동_007_1,ST-606,하계2동_003_1,1,22.0,3531.0
20250607,도착시간,2130,ST-2727,창3동_011_1,ST-2727,창3동_011_1,1,7.0,460.0
20250607,도착시간,1240,ST-2879,신정2동_026_1,ST-2763,신정6동_020_1,1,10.0,1286.0
20250607,출발시간,1650,ST-1285,"중계2,3동_046_1",ST-1118,"중계2,3동_047_1",1,5.0,634.0
20250607,도착시간,1120,ST-2828,항동_001_2,ST-1952,항동_016_4,1,3.0,523.0
20250607,출발시간,1435,ST-629,시흥1동_024_1,ST-1939,시흥1동_041_1,1,31.0,1438.0
20250607,도착시간,1525,ST-2168,서교동_001_1,ST-2168,서교동_001_1,1,22.0,1600.0
20250607,출발시간,1435,ST-2411,공항동_037_1,ST-1718,방화1동_041_1,1,4.0,748.0
20250607,도착시간,1500,ST-2081,하계1동_040_1,ST-2896,공릉1동_040_2,1,10.0,1461.0
20250607,도착시간,2210,ST-3315,여의동_051_3,ST-47,여의동_001_1,1,7.0,877.0
20250607,출발시간,1450,ST-2309,구의3동_044_1,ST-1660,자양3동_013_1,1,11.0,1770.0
20250607,출발시간,1215,ST-2775,응암1동_032_1,ST-459,녹번동_043_1,1,38.0,1101.0
20250607,출발시간,1125,ST-780,잠원동_008_1,ST-2414,잠원동_013_1,1,28.0,3519.0
20250607,도착시간,2215,ST-2593,잠실2동_007_1,ST-547,잠실2동_058_1,1,5.0,476.0
20250607,출발시간,1320,ST-1067,가양2동_001_1,ST-3281,가양2동_009_1,1,37.0,1592.0
20250607,도착시간,2105,ST-55,여의동_006_11,ST-73,여의동_010_1,1,6.0,604.0
20250607,도착시간,1855,ST-2177,한강로동_012_1,ST-1018,목5동_051_1,1,114.0,12465.0
20250607,도착시간,40,ST-3133,오륜동_035_1,ST-544,오륜동_018_1,1,3.0,793.0
20250607,도착시간,1550,ST-1592,장지동_007_2,ST-2599,장지동_010_1,1,9.0,1246.0
20250607,도착시간,1750,ST-1341,용문동_003_1,ST-2448,한강로동_010_3,1,30.0,4849.0
20250607,출발시간,1220,ST-2395,신정6동_002_2,ST-2764,신정6동_018_1,1,6.0,967.0
20250607,출발시간,1125,ST-987,자양3동_002_1,ST-98,자양3동_013_2,1,4.0,583.0
20250607,도착시간,1755,ST-1065,가양1동_016_2,ST-1251,가양1동_020_1,1,5.0,985.0
20250607,출발시간,2240,ST-1085,문정2동_017_1,ST-1703,세곡동_051_1,1,25.0,2398.0
20250607,출발시간,1930,ST-2821,영등포본동_039_1,ST-413,당산1동_014_1,1,20.0,3090.0
20250607,도착시간,1025,ST-2302,구의3동_051_1,ST-2302,구의3동_051_1,1,14.0,1044.0
20250607,출발시간,1205,ST-724,서원동_036_1,ST-724,서원동_036_1,1,39.0,1922.0
20250607,출발시간,1840,ST-2892,구로5동_050_1,ST-1221,구로5동_039_2,1,90.0,830.0
20250607,출발시간,245,ST-2751,길동_027_1,ST-1050,,1,8.0,1363.0
20250607,출발시간,2155,ST-2801,신길7동_016_1,ST-2800,신길7동_019_1,1,2.0,470.0
20250607,도착시간,855,ST-1095,면목4동_020_1,ST-1095,면목4동_020_1,2,82.0,15971.0
20250607,출발시간,900,ST-620,가산동_005_2,ST-1403,가산동_004_1,1,2.0,410.0
20250607,출발시간,1200,ST-2867,일원1동_016_1,ST-2867,일원1동_016_1,1,74.0,2638.0
20250607,출발시간,1740,ST-514,가양1동_011_1,ST-513,가양1동_025_1,1,3.0,492.0
20250607,도착시간,1850,ST-1780,광희동_001_2,ST-2327,사근동_006_2,1,36.0,3523.0
20250607,출발시간,320,ST-2855,개봉2동_005_1,ST-679,개봉3동_029_1,1,6.0,1170.0
20250607,출발시간,1435,ST-2085,"중계2,3동_011_1",ST-606,하계2동_003_1,1,3.0,318.0
20250607,도착시간,1515,ST-1469,창2동_033_1,ST-1280,월계1동_015_1,1,15.0,3239.0
20250607,출발시간,1845,ST-1731,목1동_003_5,ST-1507,염창동_060_1,1,97.0,5902.0
20250607,도착시간,1950,ST-2029,우장산동_029_1,ST-1512,등촌1동_019_1,1,7.0,2003.0
20250607,출발시간,1350,ST-1320,양평1동_028_1,ST-281,양평1동_008_1,1,99.0,14847.0
20250607,도착시간,2155,ST-97,화양동_002_1,ST-1660,자양3동_013_1,1,7.0,853.0
20250607,출발시간,1545,ST-1151,신대방2동_007_1,ST-702,신림동_006_1,1,13.0,2305.0
20250607,도착시간,135,ST-2003,신월1동_039_1,ST-536,화곡1동_055_1,1,8.0,1189.0
20250607,도착시간,1635,ST-210,성산1동_006_1,ST-2168,서교동_001_1,1,61.0,2193.0
20250607,출발시간,2015,ST-3129,방화3동_002_1,ST-824,방화1동_008_1,1,8.0,334.0
20250607,출발시간,1425,ST-2655,양재2동_005_3,ST-1177,도곡1동_032_1,1,18.0,2390.0
20250607,출발시간,920,ST-1015,목5동_002_1,ST-1006,목5동_005_1,1,5.0,2220.0
20250607,출발시간,200,ST-1990,영등포본동_020_2,ST-2816,대림3동_017_1,1,7.0,1531.0
20250607,출발시간,1605,ST-493,천호2동_029_2,ST-1837,길동_044_1,1,32.0,2643.0
20250607,도착시간,1830,ST-3269,방학1동_013_1,ST-2112,방학2동_012_1,1,9.0,1110.0
20250607,도착시간,1225,ST-2513,"종로1,2,3,4가동_005_6",ST-2513,"종로1,2,3,4가동_005_6",1,124.0,1284.0
20250607,도착시간,2220,ST-777,신사동_001_1,ST-2837,삼성2동_007_1,1,35.0,5131.0
20250607,도착시간,1840,ST-3148,오륜동_002_6,ST-1864,잠실본동_004_1,1,36.0,5810.0
20250607,출발시간,1635,ST-2975,서강동_009_1,ST-2975,서강동_009_1,1,18.0,1748.0
20250607,출발시간,2055,ST-781,양재2동_039_5,ST-773,양재2동_039_3,1,6.0,780.0
20250607,도착시간,1710,ST-550,잠실3동_028_2,ST-551,잠실3동_029_1,1,23.0,3069.0
20250607,출발시간,1855,ST-1885,삼성1동_021_1,ST-1885,삼성1동_021_1,1,,
20250607,도착시간,2055,ST-258,자양2동_032_1,ST-2865,자양2동_021_2,3,104.0,8578.0
20250607,도착시간,1720,ST-1476,상계10동_034_1,ST-1639,상계8동_030_1,1,3.0,445.0
20250607,출발시간,440,ST-2888,우장산동_044_1,ST-2027,화곡1동_006_1,1,17.0,1980.0
20250607,도착시간,115,ST-1010,신월3동_007_1,ST-2558,우장산동_006_1,1,14.0,2264.0
20250607,도착시간,2115,ST-279,양평2동_011_1,ST-1986,당산2동_065_1,1,20.0,3525.0
20250607,도착시간,1740,ST-2764,신정6동_018_1,ST-2763,신정6동_020_1,2,14.0,2296.0
20250607,도착시간,1430,ST-1703,세곡동_051_1,ST-1703,세곡동_051_1,1,47.0,3653.0
20250607,도착시간,1950,ST-64,여의동_006_15,ST-1992,문래동_003_1,2,83.0,11598.0
20250607,도착시간,1350,ST-1320,양평1동_028_1,ST-285,문래동_008_1,1,9.0,1363.0
20250607,도착시간,2255,ST-1615,한강로동_010_1,ST-435,한강로동_015_1,1,2.0,450.0
20250607,출발시간,1610,ST-3048,신정3동_062_3,ST-2008,신정3동_062_1,1,3.0,536.0
20250607,도착시간,1845,ST-493,천호2동_029_2,ST-3209,천호2동_005_1,1,13.0,790.0
20250607,출발시간,1555,ST-1859,석촌동_017_1,ST-109,성수1가2동_001_1,2,158.0,20746.0
20250607,도착시간,1305,ST-508,방화1동_002_1,ST-975,방화1동_040_2,1,10.0,618.0
20250607,도착시간,1720,ST-3238,영등포동_056_1,ST-3315,여의동_051_3,1,12.0,1594.0
20250607,도착시간,50,ST-2000,목3동_027_2,ST-2887,화곡2동_028_1,1,17.0,2259.0
20250607,도착시간,1555,ST-1249,등촌3동_064_1,ST-519,가양3동_001_2,1,7.0,1050.0
20250607,출발시간,1305,ST-1503,목1동_003_3,ST-662,신도림동_069_1,1,21.0,2663.0
20250607,출발시간,1320,ST-2742,성내3동_011_1,ST-2742,성내3동_011_1,2,53.0,2029.0
20250607,출발시간,2235,ST-809,대치2동_008_1,ST-3077,대치2동_010_1,2,110.0,6727.0
20250607,출발시간,740,ST-211,망원2동_022_1,ST-2905,망원1동_005_1,1,7.0,1124.0
20250607,출발시간,755,ST-2237,장위3동_012_1,ST-600,월계1동_011_1,1,8.0,1217.0
20250607,출발시간,2225,ST-1198,왕십리도선동_027_1,ST-1198,왕십리도선동_027_1,1,44.0,2407.0
20250607,도착시간,1535,ST-2147,상암동_002_1,ST-83,상암동_061_1,1,39.0,2410.0
20250607,도착시간,1705,ST-901,문정2동_044_9,ST-1085,문정2동_017_1,1,,
20250607,출발시간,1940,ST-3098,천호2동_008_1,ST-3098,천호2동_008_1,1,19.0,1850.0
20250607,도착시간,2035,ST-445,군자동_032_2,ST-99,자양3동_036_1,1,16.0,1988.0
20250607,도착시간,1055,ST-2257,응암3동_002_1,ST-2779,역촌동_039_1,1,5.0,951.0
20250607,출발시간,250,ST-1464,방학1동_044_1,ST-3119,방학1동_050_1,1,9.0,1368.0
20250607,도착시간,950,ST-609,"상계3,4동_006_1",ST-3274,"상계3,4동_013_1",1,61.0,1062.0
20250607,출발시간,1910,ST-1123,공릉1동_049_1,ST-2085,"중계2,3동_011_1",1,9.0,1126.0
20250607,도착시간,55,ST-280,양평1동_007_1,ST-3187,당산2동_003_1,1,20.0,2518.0
20250607,출발시간,1815,ST-930,거여2동_004_1,ST-2917,위례동_013_3,1,10.0,1990.0
20250607,도착시간,1105,ST-495,성내3동_041_1,ST-1681,잠실6동_001_3,1,25.0,4033.0
20250607,출발시간,2000,ST-501,길동_059_1,ST-2749,길동_012_1,2,100.0,13892.0
20250607,출발시간,1210,ST-2822,영등포동_039_1,ST-1985,영등포본동_035_1,1,17.0,2233.0
20250607,출발시간,1715,ST-513,가양1동_025_1,ST-975,방화1동_040_2,1,5.0,726.0
20250607,출발시간,1320,ST-1506,염창동_061_1,ST-2946,염창동_003_1,1,3.0,483.0
20250607,도착시간,1440,ST-2175,효창동_004_1,ST-1432,"종로1,2,3,4가동_004_1",1,42.0,6655.0
20250607,도착시간,1910,ST-614,방학1동_019_2,ST-3368,창5동_002_4,1,11.0,1707.0
20250607,출발시간,1505,ST-341,연남동_005_1,ST-342,성산1동_022_1,1,7.0,1445.0
20250607,도착시간,1100,ST-3252,구로2동_011_1,ST-1938,가산동_003_4,1,12.0,1500.0
20250607,출발시간,920,ST-3324,방화1동_041_4,ST-2057,가양1동_010_1,1,7.0,1429.0
20250607,출발시간,1450,ST-2844,목5동_059_1,ST-1326,한강로동_013_1,1,70.0,12986.0
20250607,출발시간,1015,ST-2592,오륜동_002_3,ST-2748,성내2동_023_1,1,7.0,1359.0
20250607,출발시간,745,ST-1104,수유2동_010_1,ST-863,수유3동_019_1,1,4.0,570.0
20250607,출발시간,1730,ST-2232,장위3동_006_1,ST-2793,장위2동_005_1,1,9.0,1040.0
20250607,도착시간,2300,ST-1352,발산1동_065_1,ST-2412,발산1동_057_4,1,12.0,574.0
20250607,출발시간,1500,ST-531,등촌2동_034_1,ST-2478,염창동_006_1,1,55.0,2220.0
20250607,도착시간,1920,ST-1537,독산3동_026_1,ST-1268,보라매동_001_1,1,17.0,2690.0
20250607,도착시간,1530,ST-2335,마장동_014_1,ST-2420,사근동_002_1,1,9.0,922.0
20250607,도착시간,1510,ST-2037,가양1동_014_2,ST-3324,방화1동_041_4,2,17.0,2803.0
20250607,도착시간,2125,ST-1888,수서동_028_2,ST-1888,수서동_028_2,2,181.0,12850.0
20250607,도착시간,1515,ST-3182,구로2동_001_6,ST-666,구로1동_028_1,1,15.0,1907.0
20250607,도착시간,1955,ST-243,용답동_004_1,ST-410,장안1동_003_1,1,9.0,1437.0
20250607,도착시간,2305,ST-76,상암동_013_1,ST-110,상암동_001_1,1,,
20250607,출발시간,1715,ST-1420,성내3동_030_1,ST-1409,잠실4동_027_1,1,19.0,3453.0
20250607,도착시간,1055,ST-2160,성산2동_026_1,ST-2536,성산1동_030_2,1,4.0,640.0
20250607,출발시간,1455,ST-828,공항동_005_2,ST-3371,방화1동_041_5,1,9.0,1032.0
20250607,도착시간,1805,ST-980,자양2동_015_2,ST-99,자양3동_036_1,1,5.0,880.0
20250607,도착시간,2100,ST-1158,서초3동_023_1,ST-747,반포2동_026_1,1,12.0,1722.0
20250607,출발시간,940,ST-2967,창4동_038_1,ST-2726,창4동_001_6,1,,
20250607,도착시간,1505,ST-873,구로5동_016_2,X,,1,30.0,1285.0
20250607,출발시간,1040,ST-3354,청운효자동_018_1,ST-328,남영동_004_1,2,73.0,9193.0
20250607,도착시간,2125,ST-308,목2동_006_2,ST-1997,목1동_015_1,1,34.0,3332.0
20250607,출발시간,1635,ST-2076,공릉1동_040_1,ST-1118,"중계2,3동_047_1",1,17.0,2223.0
20250607,도착시간,1555,ST-687,노량진2동_003_1,ST-700,노량진1동_015_1,1,,
20250607,도착시간,1605,ST-2264,역촌동_068_1,ST-89,성산2동_001_3,3,79.0,16587.0
20250607,도착시간,115,ST-1895,압구정동_045_1,ST-877,노량진1동_001_5,1,54.0,10420.0
20250607,도착시간,2040,ST-1004,신정3동_066_1,ST-1004,신정3동_066_1,1,55.0,1697.0
20250607,도착시간,925,ST-296,여의동_004_1,ST-213,공덕동_013_1,1,20.0,3747.0
20250607,도착시간,1440,ST-290,도림동_002_3,ST-1651,대림3동_020_1,1,28.0,3888.0
20250607,도착시간,1515,ST-830,둔촌1동_001_4,ST-3300,오륜동_001_5,2,28.0,2422.0
20250607,출발시간,1345,ST-1050,,ST-1053,명일2동_009_1,1,6.0,1288.0
20250607,도착시간,1730,ST-2247,신사2동_013_1,ST-1331,응암3동_023_1,1,25.0,2274.0
20250607,도착시간,2015,ST-1219,구로1동_002_1,ST-1219,구로1동_002_1,1,10.0,828.0
20250607,도착시간,1930,ST-1409,잠실4동_027_1,ST-1719,오륜동_001_3,1,6.0,838.0
20250607,도착시간,2250,ST-1851,석촌동_036_1,ST-1851,석촌동_036_1,1,17.0,2531.0
20250607,출발시간,1010,ST-2494,염창동_005_1,ST-2494,염창동_005_1,1,97.0,16850.0
20250607,도착시간,1740,ST-2876,방이2동_005_1,ST-542,잠실4동_003_4,1,6.0,976.0
20250607,출발시간,1355,ST-1555,잠원동_050_1,ST-62,여의동_017_1,1,106.0,12861.0
20250607,출발시간,1910,ST-2800,신길7동_019_1,ST-3359,신길6동_006_1,1,7.0,782.0
20250607,도착시간,2110,ST-750,반포3동_015_5,ST-53,여의동_032_2,3,163.0,29765.0
20250607,출발시간,2005,ST-2257,응암3동_002_1,ST-2257,응암3동_002_1,1,31.0,7451.0
20250607,도착시간,1055,ST-1053,명일2동_009_1,ST-1850,고덕2동_034_1,1,8.0,1373.0
20250607,출발시간,1510,ST-1926,반포1동_036_1,ST-3332,반포1동_023_1,1,,
20250607,도착시간,1025,ST-180,무악동_016_1,ST-1809,"종로1,2,3,4가동_005_4",1,24.0,3177.0
20250607,출발시간,1620,ST-857,중화1동_001_1,ST-2293,중화1동_028_1,1,12.0,890.0
20250607,출발시간,925,ST-1269,신림동_012_1,ST-2373,은천동_066_1,1,6.0,1390.0
20250607,출발시간,1730,ST-1335,면목2동_026_1,ST-1335,면목2동_026_1,1,20.0,460.0
20250607,출발시간,1720,ST-773,양재2동_039_3,ST-1922,양재1동_011_1,2,26.0,3404.0
20250607,출발시간,1415,ST-285,문래동_008_1,ST-2564,문래동_014_1,1,5.0,580.0
20250607,출발시간,1620,ST-3300,오륜동_001_5,ST-1720,오륜동_001_4,1,6.0,884.0
20250607,출발시간,2200,ST-827,안암동_015_1,ST-827,안암동_015_1,2,4.0,360.0
20250607,출발시간,1255,ST-241,사근동_008_1,ST-1197,왕십리도선동_024_1,1,13.0,1230.0
20250607,도착시간,1935,ST-3300,오륜동_001_5,ST-494,길동_012_2,1,99.0,2314.0
20250607,도착시간,1515,ST-211,망원2동_022_1,ST-3139,연희동_042_1,1,,
20250607,출발시간,1845,ST-1351,등촌3동_001_1,ST-1351,등촌3동_001_1,1,117.0,360.0
20250607,출발시간,1100,ST-1812,창신1동_007_1,ST-385,능동_002_6,1,82.0,15411.0
20250607,도착시간,1035,ST-2905,망원1동_005_1,ST-2874,합정동_001_1,1,10.0,1121.0
20250607,도착시간,1315,ST-1531,구로1동_003_1,ST-1531,구로1동_003_1,1,,
20250607,도착시간,2125,ST-2482,방화1동_023_1,ST-1253,방화1동_049_1,1,32.0,1083.0
20250607,도착시간,1615,ST-2877,오금동_012_1,ST-3300,오륜동_001_5,1,44.0,1840.0
20250607,출발시간,1510,ST-442,서빙고동_007_1,ST-376,마장동_019_1,1,45.0,8928.0
20250607,출발시간,1335,ST-2379,서원동_023_1,ST-714,은천동_007_1,1,13.0,1483.0
20250607,출발시간,1305,ST-1645,공항동_030_1,ST-522,우장산동_010_2,1,10.0,2048.0
20250607,출발시간,1030,ST-530,등촌2동_010_1,ST-1512,등촌1동_019_1,1,7.0,1231.0
20250607,도착시간,1210,ST-2020,등촌1동_025_1,ST-1519,화곡6동_014_1,1,37.0,2060.0
20250607,출발시간,1225,ST-278,양평2동_007_1,ST-421,양평2동_002_1,1,2.0,439.0
20250607,도착시간,2110,ST-1996,목1동_045_1,ST-2760,신정2동_021_1,1,11.0,897.0
20250607,도착시간,1145,ST-257,자양1동_007_1,ST-987,자양3동_002_1,1,5.0,1145.0
20250607,출발시간,510,ST-2742,성내3동_011_1,ST-493,천호2동_029_2,1,11.0,1755.0
20250607,도착시간,1125,ST-91,상암동_029_2,ST-90,상암동_024_5,1,,
20250607,도착시간,1100,ST-2409,가락1동_048_3,ST-1868,잠실3동_028_1,1,19.0,2356.0
20250607,도착시간,1125,ST-2565,"종로1,2,3,4가동_009_2",ST-142,"종로1,2,3,4가동_002_1",1,,
20250607,도착시간,155,ST-2409,가락1동_048_3,ST-1722,구의2동_049_1,1,27.0,6680.0
20250607,도착시간,1955,ST-1860,위례동_057_2,ST-2572,위례동_071_1,2,13.0,1529.0
20250607,출발시간,1635,ST-1254,방화1동_043_1,ST-831,방화3동_020_1,1,9.0,1607.0
20250607,출발시간,2300,ST-1968,영등포동_016_1,ST-1973,당산2동_037_1,1,4.0,351.0
20250607,도착시간,1800,ST-1680,역삼1동_041_1,ST-787,논현1동_017_1,1,7.0,1226.0
20250607,출발시간,2030,ST-1607,"종로1,2,3,4가동_002_3",ST-1805,"종로1,2,3,4가동_002_4",1,33.0,1959.0
20250607,도착시간,1955,ST-1056,고덕2동_005_1,ST-2739,상일1동_057_1,2,66.0,4380.0
20250607,도착시간,1245,ST-2264,역촌동_068_1,ST-479,역촌동_080_1,1,,
20250607,도착시간,1415,ST-1816,혜화동_005_1,ST-1808,"종로1,2,3,4가동_004_4",1,8.0,1428.0
20250607,출발시간,1840,ST-1638,창2동_014_1,ST-1638,창2동_014_1,1,57.0,2743.0
20250607,출발시간,1340,ST-2633,신내1동_043_1,ST-856,신내1동_053_1,1,5.0,421.0
20250607,출발시간,1245,ST-2466,성수1가2동_001_2,ST-482,성수2가3동_008_2,1,3.0,341.0
20250607,출발시간,2210,ST-1251,가양1동_020_1,ST-1351,등촌3동_001_1,1,5.0,684.0
20250607,도착시간,1925,ST-1793,가락1동_039_1,ST-1729,삼전동_044_1,1,49.0,2445.0
20250607,도착시간,1520,ST-5,망원1동_024_1,ST-2905,망원1동_005_1,2,20.0,3293.0
20250607,출발시간,1800,ST-2608,잠실4동_027_2,ST-492,암사2동_002_1,2,52.0,7826.0
20250607,도착시간,2030,ST-2572,위례동_071_1,ST-1416,위례동_057_1,1,2.0,351.0
20250607,도착시간,540,ST-2050,공항동_060_1,ST-1718,방화1동_041_1,1,9.0,1190.0
20250607,도착시간,1305,ST-505,성내3동_012_1,ST-1835,명일2동_024_1,2,34.0,4070.0
20250607,출발시간,1835,ST-3172,방학1동_004_1,ST-3172,방학1동_004_1,1,25.0,803.0
20250607,도착시간,2305,ST-495,성내3동_041_1,ST-2732,천호2동_019_1,1,7.0,1287.0
20250607,도착시간,445,ST-3167,공릉1동_070_1,ST-970,월계3동_001_3,1,6.0,715.0
20250607,도착시간,1730,ST-485,천호2동_037_1,ST-900,문정2동_044_8,1,73.0,19456.0
20250607,도착시간,1330,ST-1846,명일1동_028_1,ST-3147,암사1동_043_1,1,47.0,1530.0
20250607,도착시간,1830,ST-1621,천호1동_006_1,ST-3098,천호2동_008_1,1,13.0,1250.0
20250607,출발시간,1550,ST-1434,도봉2동_031_1,ST-2089,방학1동_030_1,1,9.0,1782.0
20250607,도착시간,1230,ST-2878,가락2동_061_1,ST-2878,가락2동_061_1,1,23.0,1855.0
20250607,출발시간,1705,ST-550,잠실3동_028_2,ST-891,잠실6동_001_7,2,12.0,1167.0
20250607,출발시간,1235,ST-3142,영등포본동_020_3,ST-306,영등포동_054_1,1,5.0,757.0
20250607,출발시간,1205,ST-3050,도봉2동_001_5,ST-3050,도봉2동_001_5,1,23.0,1830.0
20250607,도착시간,555,ST-1197,왕십리도선동_024_1,ST-186,장충동_008_1,1,15.0,1690.0
20250607,출발시간,1515,ST-2724,방학1동_053_1,ST-3262,하계1동_005_1,1,39.0,6797.0
20250607,도착시간,1545,ST-1263,군자동_035_1,ST-1263,군자동_035_1,1,,
20250607,출발시간,1235,ST-2669,방배3동_025_1,ST-1163,방배4동_008_1,1,67.0,1152.0
20250607,도착시간,235,ST-3164,삼성1동_006_1,ST-815,역삼2동_003_2,1,19.0,2720.0
20250607,도착시간,320,ST-2005,신정1동_005_1,ST-1016,신월4동_001_1,1,10.0,1343.0
20250607,출발시간,1955,ST-986,광장동_015_1,ST-2732,천호2동_019_1,1,10.0,1537.0
20250607,도착시간,2020,ST-1660,자양3동_013_1,ST-2865,자양2동_021_2,1,9.0,1069.0
20250607,출발시간,2125,ST-1460,동선동_024_1,ST-2226,삼선동_002_2,1,3.0,358.0
20250607,도착시간,2010,ST-976,신림동_027_2,ST-976,신림동_027_2,1,21.0,794.0
20250607,출발시간,1600,ST-402,회기동_020_1,ST-1302,휘경2동_044_1,2,36.0,4217.0
20250607,도착시간,1710,ST-1192,능동_002_1,ST-2308,화양동_008_2,1,5.0,1290.0
20250607,도착시간,1605,ST-1731,목1동_003_5,ST-1999,목2동_006_1,1,24.0,3640.0
20250607,출발시간,2140,ST-2791,월계3동_001_1,ST-2896,공릉1동_040_2,1,9.0,1292.0
20250607,출발시간,1815,ST-518,가양2동_028_1,ST-518,가양2동_028_1,1,103.0,17780.0
20250607,출발시간,1635,ST-539,잠실7동_001_1,ST-546,잠실본동_006_1,1,9.0,1367.0
20250607,출발시간,2240,ST-2905,망원1동_005_1,ST-89,성산2동_001_3,1,24.0,3156.0
20250607,출발시간,920,ST-1727,방화1동_052_1,ST-1063,가양1동_016_1,1,5.0,1237.0
20250607,출발시간,1700,ST-1046,성내2동_010_1,ST-2742,성내3동_011_1,1,11.0,1400.0
20250607,출발시간,2000,ST-2425,신사1동_053_1,ST-33,북가좌2동_042_1,1,17.0,2393.0
20250607,도착시간,1520,ST-109,성수1가2동_001_1,ST-446,성수2가1동_023_1,1,13.0,1814.0
20250607,출발시간,915,ST-1426,중계4동_034_1,ST-2719,중계본동_026_1,1,4.0,795.0
20250607,출발시간,1220,ST-460,응암3동_007_1,ST-991,상암동_024_6,1,19.0,4017.0
20250607,도착시간,1410,ST-349,북가좌1동_004_1,ST-86,상암동_026_5,1,13.0,2238.0
20250607,도착시간,1845,ST-1923,잠원동_026_1,ST-1555,잠원동_050_1,2,11.0,1700.0
20250607,출발시간,1520,ST-1798,창신1동_005_1,ST-273,용신동_024_1,1,14.0,1970.0
20250607,도착시간,1550,ST-824,방화1동_008_1,ST-2482,방화1동_023_1,1,,
20250607,도착시간,2230,ST-683,노량진1동_001_3,ST-419,당산1동_006_1,1,52.0,7820.0
20250607,도착시간,1540,ST-170,가회동_009_1,ST-170,가회동_009_1,2,83.0,3747.0
20250607,출발시간,1845,ST-2833,석촌동_015_1,ST-2876,방이2동_005_1,1,10.0,1710.0
20250607,도착시간,2040,ST-1540,구로5동_040_2,ST-2819,신길4동_004_1,1,21.0,2000.0
20250607,출발시간,1415,ST-1944,항동_017_1,ST-1944,항동_017_1,1,26.0,2449.0
20250607,도착시간,1130,ST-1546,조원동_019_1,ST-976,신림동_027_2,1,12.0,1858.0
20250607,출발시간,810,ST-1048,암사3동_004_1,ST-1046,성내2동_010_1,1,17.0,2344.0
20250607,도착시간,2125,ST-1929,반포4동_013_1,ST-2759,신정1동_005_2,1,100.0,15605.0
20250607,출발시간,1630,ST-2606,가락1동_048_7,ST-1582,삼전동_001_1,1,19.0,3300.0
20250607,도착시간,1730,ST-1339,이촌1동_006_1,ST-3083,서빙고동_018_1,1,6.0,1216.0
20250607,출발시간,1625,ST-1676,발산1동_057_3,ST-1518,발산1동_057_2,1,113.0,4853.0
20250607,도착시간,1450,ST-1676,발산1동_057_3,ST-2993,발산1동_056_2,1,4.0,559.0
20250607,도착시간,1805,ST-3142,영등포본동_020_3,ST-1699,문래동_002_1,1,15.0,956.0
20250607,도착시간,2320,ST-1439,광희동_009_1,ST-947,삼선동_026_1,1,48.0,5275.0
20250607,도착시간,835,ST-1424,성북동_012_1,ST-2623,"종로1,2,3,4가동_006_2",1,13.0,5270.0
20250607,도착시간,1725,ST-144,"종로1,2,3,4가동_010_1",ST-2526,명동_001_19,1,,
20250607,도착시간,930,ST-1660,자양3동_013_1,ST-987,자양3동_002_1,1,5.0,570.0
20250607,출발시간,930,ST-3272,성산2동_017_1,ST-3272,성산2동_017_1,1,86.0,11630.0
20250607,도착시간,1030,ST-2487,등촌1동_033_1,ST-2487,등촌1동_033_1,1,24.0,1336.0
20250607,출발시간,135,ST-1834,천호3동_021_1,ST-2749,길동_012_1,1,3.0,456.0
20250607,출발시간,755,ST-2606,가락1동_048_7,ST-2576,문정2동_025_1,1,6.0,706.0
20250607,출발시간,1200,ST-1335,면목2동_026_1,ST-595,면목5동_001_1,1,59.0,6262.0
20250607,출발시간,2000,ST-2796,송파2동_002_1,ST-1866,석촌동_018_1,1,78.0,9714.0
20250607,출발시간,1050,ST-551,잠실3동_029_1,ST-1867,잠실3동_061_1,1,115.0,4340.0
20250607,도착시간,1300,ST-3123,중계4동_011_1,ST-3123,중계4동_011_1,1,36.0,636.0
20250607,출발시간,420,ST-1352,발산1동_065_1,ST-2047,가양1동_016_6,1,6.0,1198.0
20250607,도착시간,40,ST-2096,창5동_016_1,ST-3368,창5동_002_4,1,2.0,318.0
20250607,출발시간,0,ST-2000,목3동_027_2,ST-1013,목3동_027_1,1,,
20250607,출발시간,1805,ST-1064,발산1동_056_1,ST-2056,발산1동_035_2,1,11.0,1130.0
20250607,도착시간,1720,ST-1684,풍납1동_002_1,ST-496,성내2동_018_1,1,24.0,2627.0
20250607,도착시간,405,ST-485,천호2동_037_1,ST-3209,천호2동_005_1,1,3.0,495.0
20250607,도착시간,2225,ST-2036,가양1동_017_2,ST-1689,가양1동_017_1,1,,
20250607,출발시간,1605,ST-19,서강동_028_1,ST-2153,신수동_027_1,1,47.0,2820.0
20250607,도착시간,1845,ST-699,노량진2동_020_1,ST-2353,대방동_033_1,1,25.0,1733.0
20250607,출발시간,1645,ST-2727,창3동_011_1,ST-2137,번1동_025_1,1,23.0,1988.0
20250607,도착시간,1255,ST-2820,문래동_025_1,ST-3330,문래동_021_1,1,5.0,518.0
20250607,출발시간,450,ST-1000,신정7동_001_1,ST-2007,신정2동_028_1,1,8.0,1112.0
20250607,도착시간,1830,ST-830,둔촌1동_001_4,ST-1409,잠실4동_027_1,1,31.0,4336.0
20250607,출발시간,755,ST-446,성수2가1동_023_1,ST-506,성수2가3동_002_3,1,5.0,824.0
20250607,출발시간,1010,ST-950,조원동_024_1,ST-1542,신대방1동_015_1,1,81.0,1564.0
20250607,출발시간,1655,ST-740,오금동_006_1,X,,1,20.0,2298.0
20250607,도착시간,2145,ST-1050,,ST-1421,암사3동_006_2,2,14.0,1651.0
20250607,출발시간,1450,ST-1018,목5동_051_1,ST-1995,목1동_006_2,1,4.0,715.0
20250607,도착시간,1550,ST-3172,방학1동_004_1,ST-3119,방학1동_050_1,1,10.0,1360.0
20250607,도착시간,1650,ST-1681,잠실6동_001_3,ST-1839,성내3동_018_2,2,60.0,6683.0
20250607,출발시간,1540,ST-1712,가양1동_012_3,ST-1065,가양1동_016_2,1,10.0,824.0
20250607,출발시간,830,ST-1645,공항동_030_1,ST-2036,가양1동_017_2,1,11.0,1515.0
20250607,도착시간,130,ST-2693,명동_001_22,ST-1791,회현동_003_3,1,9.0,1042.0
20250607,도착시간,1755,ST-1012,신월3동_001_1,ST-3118,가양3동_001_1,2,136.0,12020.0
20250607,도착시간,1415,ST-1776,회현동_004_1,ST-1773,소공동_001_6,1,13.0,1090.0
20250607,도착시간,1350,ST-3300,오륜동_001_5,ST-1716,거여1동_012_1,1,18.0,3365.0
20250607,출발시간,1940,ST-2565,"종로1,2,3,4가동_009_2",ST-1804,삼청동_004_2,1,3.0,750.0
20250607,도착시간,1700,ST-1078,오금동_007_1,ST-544,오륜동_018_1,1,7.0,1070.0
20250607,출발시간,850,ST-2812,양평1동_020_1,ST-287,당산2동_017_1,1,12.0,1702.0
20250607,도착시간,1630,ST-2613,우장산동_010_1,ST-1249,등촌3동_064_1,1,7.0,1481.0
20250607,도착시간,925,ST-1519,화곡6동_014_1,ST-834,등촌3동_002_1,1,2.0,370.0
20250607,출발시간,1120,ST-2363,사당1동_032_1,ST-924,사당1동_026_2,1,7.0,1470.0
20250607,도착시간,1730,ST-1564,개포4동_034_1,ST-1564,개포4동_034_1,1,,
20250607,출발시간,1555,ST-3278,상계8동_042_1,ST-3266,상계10동_023_1,1,8.0,1035.0
20250607,도착시간,1350,ST-1959,오류2동_017_1,ST-1959,오류2동_017_1,1,,
20250607,도착시간,2220,ST-2595,잠실4동_003_2,ST-502,성내1동_014_1,1,24.0,3664.0
20250607,도착시간,1555,ST-1351,등촌3동_001_1,ST-2945,발산1동_007_5,1,10.0,1098.0
20250607,출발시간,1730,ST-1226,고척1동_023_1,ST-1961,고척1동_009_1,1,,
20250607,도착시간,1910,ST-695,사당2동_007_2,ST-3239,여의동_006_8,3,295.0,20984.0
20250607,도착시간,1155,ST-1771,소공동_001_4,ST-1761,소공동_001_2,1,115.0,3037.0
20250607,출발시간,1530,ST-2280,이문1동_032_1,ST-274,용신동_014_1,1,20.0,2720.0
20250607,출발시간,1330,ST-2602,잠실7동_003_1,ST-1864,잠실본동_004_1,1,61.0,1712.0
20250607,도착시간,750,ST-862,수유3동_004_1,ST-2137,번1동_025_1,1,5.0,755.0
20250607,도착시간,2200,ST-1018,목5동_051_1,ST-2764,신정6동_018_1,1,10.0,1619.0
20250607,도착시간,830,ST-5,망원1동_024_1,ST-6,서교동_011_1,1,8.0,599.0
20250607,출발시간,1555,ST-1320,양평1동_028_1,ST-3212,당산1동_009_1,1,4.0,826.0
20250607,출발시간,2200,ST-2809,신길3동_033_2,ST-2902,영등포본동_014_1,1,8.0,1510.0
20250607,출발시간,1710,ST-3139,연희동_042_1,ST-2213,홍은2동_026_1,1,,
20250607,출발시간,830,ST-432,신월7동_032_1,ST-2771,신월6동_002_1,1,7.0,600.0
20250607,도착시간,1620,ST-1579,위례동_040_1,ST-2576,문정2동_025_1,1,25.0,2772.0
20250607,출발시간,1125,ST-109,성수1가2동_001_1,ST-1136,방학1동_019_1,1,91.0,23376.0
20250607,도착시간,1335,ST-3239,여의동_006_8,ST-66,여의동_006_16,3,18.0,2735.0
20250607,출발시간,1050,ST-2892,구로5동_050_1,ST-668,구로3동_034_1,1,8.0,2016.0
20250607,도착시간,900,ST-1254,방화1동_043_1,ST-1065,가양1동_016_2,1,16.0,3307.0
20250607,출발시간,1040,ST-857,중화1동_001_1,ST-1099,상봉2동_019_1,1,14.0,1724.0
20250607,출발시간,1605,ST-1499,신정7동_004_1,ST-2014,신정7동_001_2,1,6.0,800.0
20250607,도착시간,2200,ST-547,잠실2동_058_1,ST-1797,잠실2동_038_1,1,3.0,445.0
20250607,출발시간,1435,ST-156,혜화동_002_1,ST-948,미아동_013_1,1,52.0,6139.0
20250607,출발시간,2155,ST-2870,역삼1동_037_1,ST-813,역삼1동_038_1,1,12.0,1313.0
20250607,도착시간,1455,ST-313,신월2동_009_1,ST-1996,목1동_045_1,1,16.0,1746.0
20250607,출발시간,2235,ST-20,서교동_032_1,ST-7,서교동_037_1,1,8.0,1116.0
20250607,도착시간,1025,ST-1186,수서동_023_1,ST-3376,세곡동_053_2,1,7.0,1051.0
20250607,도착시간,1645,ST-624,가산동_003_5,ST-1753,구로3동_037_2,1,12.0,1540.0
20250607,도착시간,1925,ST-486,천호2동_041_1,ST-485,천호2동_037_1,1,4.0,401.0
20250607,출발시간,1635,ST-55,여의동_006_11,ST-293,영등포동_019_1,1,38.0,6215.0
20250607,출발시간,1705,ST-1720,오륜동_001_4,ST-1079,방이1동_021_1,2,24.0,3128.0
20250607,출발시간,1700,ST-2823,신길6동_018_1,ST-286,신대방2동_011_1,1,17.0,672.0
20250607,출발시간,1815,ST-366,옥수동_045_1,ST-366,옥수동_045_1,1,90.0,9960.0
20250607,도착시간,35,ST-1661,자양4동_009_1,ST-378,구의3동_048_1,1,15.0,2201.0
20250607,출발시간,1620,ST-1062,공항동_004_1,ST-2031,가양1동_018_1,1,20.0,2451.0
20250607,도착시간,1845,ST-1952,항동_016_4,ST-1239,오류2동_018_1,1,7.0,1855.0
20250607,도착시간,1000,ST-815,역삼2동_003_2,ST-811,역삼1동_009_1,1,52.0,848.0
20250607,도착시간,1615,ST-344,성산2동_076_2,ST-350,북가좌1동_004_2,1,97.0,2403.0
20250607,출발시간,1210,ST-2075,월계3동_003_1,ST-2289,묵2동_007_1,1,12.0,1900.0
20250607,도착시간,1750,ST-296,여의동_004_1,ST-296,여의동_004_1,1,,
20250607,출발시간,250,ST-1815,창신3동_003_2,ST-175,숭인1동_009_1,1,4.0,679.0
20250607,출발시간,30,ST-1268,보라매동_001_1,ST-1264,청룡동_031_1,1,10.0,1788.0
20250607,출발시간,25,ST-2031,가양1동_018_1,ST-2482,방화1동_023_1,2,17.0,2037.0
20250607,출발시간,2015,ST-683,노량진1동_001_3,ST-687,노량진2동_003_1,2,38.0,3463.0
20250607,도착시간,1210,ST-1065,가양1동_016_2,ST-2036,가양1동_017_2,1,5.0,617.0
20250607,출발시간,1325,ST-534,화곡4동_013_1,ST-1017,목5동_008_1,1,11.0,1752.0
20250607,도착시간,2215,ST-2609,잠실6동_017_1,ST-1409,잠실4동_027_1,1,77.0,5320.0
20250607,도착시간,1635,ST-1083,풍납1동_003_1,ST-492,암사2동_002_1,2,27.0,2682.0
20250607,도착시간,1000,ST-2894,독산1동_026_2,ST-1753,구로3동_037_2,1,16.0,1988.0
20250607,도착시간,2155,ST-781,양재2동_039_5,ST-770,양재1동_018_2,1,3.0,656.0
20250607,출발시간,2055,ST-540,잠실7동_001_2,ST-892,방이1동_009_1,1,40.0,6551.0
20250607,도착시간,30,ST-3125,염창동_087_1,ST-3068,염창동_064_1,1,6.0,722.0
20250607,출발시간,1250,ST-1753,구로3동_037_2,ST-3029,가산동_010_1,2,22.0,2139.0
20250607,도착시간,1520,ST-2879,신정2동_026_1,ST-1731,목1동_003_5,1,3.0,480.0
20250607,도착시간,1850,ST-1691,대흥동_014_1,ST-24,신수동_005_1,1,4.0,490.0
20250607,출발시간,240,ST-2903,황학동_017_1,ST-175,숭인1동_009_1,1,5.0,583.0
20250607,도착시간,2045,ST-2006,신정2동_003_1,ST-1531,구로1동_003_1,1,105.0,12890.0
20250607,도착시간,430,ST-2033,가양1동_012_7,ST-824,방화1동_008_1,1,12.0,2411.0
20250607,도착시간,1130,ST-17,홍은2동_035_1,ST-220,홍은2동_012_1,1,15.0,2792.0
20250607,출발시간,50,ST-895,거여1동_021_1,ST-1419,장지동_008_1,1,52.0,1788.0
20250607,도착시간,920,ST-1219,구로1동_002_1,ST-870,개봉1동_043_3,1,9.0,1132.0
20250607,도착시간,1205,ST-1645,공항동_030_1,ST-1645,공항동_030_1,1,51.0,705.0
20250607,출발시간,1905,ST-2265,이문2동_031_1,ST-2498,휘경1동_017_1,1,5.0,684.0
20250607,도착시간,1500,ST-419,당산1동_006_1,ST-287,당산2동_017_1,1,7.0,1030.0
20250607,출발시간,25,ST-3288,상계2동_031_2,ST-1122,"상계3,4동_047_1",1,10.0,1460.0
20250607,출발시간,1005,ST-947,삼선동_026_1,ST-2226,삼선동_002_2,1,4.0,607.0
20250607,출발시간,1200,ST-1496,목5동_028_1,ST-1495,목5동_035_1,1,4.0,703.0
20250607,출발시간,1725,ST-2156,합정동_006_1,ST-2905,망원1동_005_1,1,76.0,8315.0
20250607,출발시간,1805,ST-1584,잠실6동_004_1,ST-553,잠실3동_034_1,1,33.0,2405.0
20250607,출발시간,1500,ST-2206,북가좌1동_017_1,ST-3347,연희동_065_1,2,43.0,3928.0
20250607,출발시간,1935,ST-3212,당산1동_009_1,ST-8,합정동_023_2,1,34.0,3410.0
20250607,도착시간,725,ST-3033,홍은2동_025_1,ST-17,홍은2동_035_1,1,55.0,10920.0
20250607,도착시간,1735,ST-2177,한강로동_012_1,ST-1326,한강로동_013_1,1,3.0,793.0
20250607,도착시간,2110,ST-68,여의동_042_1,ST-68,여의동_042_1,1,57.0,6766.0
20250607,출발시간,640,ST-289,문래동_003_2,ST-420,영등포동_021_4,1,3.0,640.0
20250607,도착시간,1420,ST-2036,가양1동_017_2,ST-2569,가양1동_016_7,1,4.0,554.0
20250607,도착시간,1425,ST-1995,목1동_006_2,ST-1018,목5동_051_1,1,8.0,871.0
20250607,출발시간,1315,ST-2830,구의2동_004_1,ST-385,능동_002_6,1,3.0,492.0
20250607,출발시간,1940,ST-2574,풍납2동_049_3,ST-2748,성내2동_023_1,1,18.0,3008.0
20250607,도착시간,1135,ST-2825,응암2동_050_1,ST-473,불광1동_018_3,1,88.0,4000.0
20250607,도착시간,1715,ST-3117,신대방2동_033_1,ST-2654,신대방2동_009_1,1,5.0,1026.0
20250607,출발시간,1255,ST-119,사직동_008_1,ST-123,사직동_006_1,2,38.0,1320.0
20250607,출발시간,2015,ST-727,신대방1동_046_1,ST-1545,노량진1동_001_1,1,34.0,5131.0
20250607,도착시간,1645,ST-1224,구로3동_037_1,ST-8,합정동_023_2,1,73.0,13998.0
20250607,출발시간,2140,ST-2309,구의3동_044_1,ST-114,군자동_017_1,1,20.0,2910.0
20250607,출발시간,105,ST-2581,장지동_051_1,ST-1075,문정1동_017_1,1,12.0,1331.0
20250607,도착시간,535,ST-492,암사2동_002_1,ST-3209,천호2동_005_1,1,7.0,1090.0
20250607,출발시간,1905,ST-1539,양평2동_029_1,ST-3187,당산2동_003_1,1,7.0,864.0
20250607,출발시간,1635,ST-2711,중계1동_020_1,ST-1426,중계4동_034_1,1,7.0,928.0
20250607,도착시간,2045,ST-1036,역촌동_044_1,ST-87,성산2동_001_2,1,103.0,10533.0
20250607,출발시간,1015,ST-1266,중곡1동_022_1,ST-947,삼선동_026_1,1,53.0,9629.0
20250607,도착시간,1725,ST-2760,신정2동_021_1,ST-2879,신정2동_026_1,1,2.0,495.0
20250607,도착시간,1215,ST-1598,상일2동_007_2,ST-1370,둔촌2동_041_1,1,35.0,5955.0
20250607,출발시간,1910,ST-2486,공항동_004_2,ST-1645,공항동_030_1,1,5.0,925.0
20250607,출발시간,2130,ST-3353,장안1동_069_1,ST-394,장안1동_013_1,1,15.0,1210.0
20250607,도착시간,310,ST-1381,면목본동_016_1,ST-1452,면목7동_013_1,1,16.0,1123.0
20250607,출발시간,1230,ST-702,신림동_006_1,ST-702,신림동_006_1,1,45.0,3139.0
20250607,도착시간,1710,ST-2414,잠원동_013_1,ST-2414,잠원동_013_1,1,,
20250607,출발시간,2000,ST-749,반포3동_024_1,ST-2688,압구정동_026_1,2,112.0,19164.0
20250607,출발시간,1810,ST-2726,창4동_001_6,ST-1291,"상계6,7동_027_3",1,39.0,4051.0
20250607,출발시간,530,ST-2979,연남동_029_2,ST-82,성산2동_012_2,1,12.0,2265.0
20250607,출발시간,2320,ST-2807,당산2동_039_1,ST-1964,신도림동_030_1,1,35.0,2200.0
20250607,출발시간,1540,ST-3085,명일1동_008_1,ST-487,천호2동_041_2,1,14.0,2125.0
20250607,출발시간,1720,ST-2569,가양1동_016_7,ST-2036,가양1동_017_2,1,5.0,649.0
20250607,도착시간,1825,ST-3046,종암동_046_1,ST-3046,종암동_046_1,1,27.0,2168.0
20250607,도착시간,1600,ST-376,마장동_019_1,ST-376,마장동_019_1,1,,
20250607,도착시간,2125,ST-204,용강동_039_1,ST-1699,문래동_002_1,1,26.0,5299.0
20250607,출발시간,1345,ST-971,월계3동_001_4,ST-2710,상계8동_002_1,1,24.0,5463.0
20250607,도착시간,2120,ST-749,반포3동_024_1,ST-2438,이촌1동_001_2,1,36.0,5210.0
20250607,도착시간,100,ST-646,번1동_034_2,ST-2085,"중계2,3동_011_1",1,46.0,5237.0
20250607,도착시간,605,ST-1438,다산동_017_1,ST-365,금호4가동_007_1,1,6.0,406.0
20250607,출발시간,2135,ST-1279,"상계6,7동_027_2",ST-1476,상계10동_034_1,1,5.0,868.0
20250607,출발시간,200,ST-3119,방학1동_050_1,ST-3050,도봉2동_001_5,1,15.0,2966.0
20250607,출발시간,1405,ST-1978,양평1동_027_1,ST-285,문래동_008_1,1,107.0,1292.0
20250607,도착시간,2125,ST-3003,성수2가3동_004_2,ST-2309,구의3동_044_1,1,24.0,2484.0
20250607,출발시간,15,ST-983,중곡1동_015_1,ST-3141,풍납1동_009_1,1,31.0,4150.0
20250607,도착시간,345,ST-99,자양3동_036_1,ST-2321,화양동_040_1,1,23.0,2272.0
20250607,출발시간,950,ST-2190,후암동_020_1,ST-439,남영동_009_1,1,4.0,516.0
20250607,출발시간,1145,ST-2979,연남동_029_2,ST-32,서교동_033_1,1,12.0,1853.0
20250607,출발시간,205,ST-1731,목1동_003_5,X,,1,50.0,1176.0
20250607,출발시간,935,ST-2490,가양1동_001_2,ST-2032,가양1동_012_6,1,8.0,1325.0
20250607,출발시간,1240,ST-2621,방이1동_003_1,ST-2877,오금동_012_1,1,3.0,496.0
20250607,출발시간,2030,ST-840,잠실3동_017_1,ST-2601,잠실4동_039_1,1,15.0,970.0
20250607,도착시간,940,ST-2775,응암1동_032_1,ST-460,응암3동_007_1,2,15.0,2759.0
20250607,도착시간,1745,ST-285,문래동_008_1,ST-918,구로4동_002_2,2,51.0,6170.0
20250607,출발시간,835,ST-102,자양1동_036_1,ST-1660,자양3동_013_1,1,6.0,1191.0
20250607,출발시간,1515,ST-2726,창4동_001_6,ST-2085,"중계2,3동_011_1",1,18.0,2593.0
20250607,출발시간,1705,ST-516,등촌1동_012_1,ST-1508,염창동_058_1,1,7.0,1620.0
20250607,도착시간,1900,ST-2335,마장동_014_1,ST-2420,사근동_002_1,1,4.0,748.0
20250607,도착시간,1505,ST-3075,사직동_009_10,ST-3297,소공동_003_1,1,2.0,1020.0
20250607,출발시간,2340,ST-612,상계1동_028_1,ST-3301,상계2동_033_1,1,17.0,3209.0
20250607,출발시간,1005,ST-818,도곡1동_004_2,ST-1729,삼전동_044_1,1,30.0,5682.0
20250607,출발시간,1540,ST-1124,상계2동_025_1,ST-1284,중계1동_021_1,1,7.0,582.0
20250607,출발시간,1600,ST-461,응암1동_023_2,ST-87,성산2동_001_2,1,57.0,8504.0
20250607,도착시간,1035,ST-1976,문래동_032_1,ST-1497,목1동_003_2,1,7.0,1028.0
20250607,도착시간,1100,ST-295,당산2동_025_1,ST-1701,당산2동_057_1,1,6.0,690.0
20250607,도착시간,1310,ST-1439,광희동_009_1,ST-1670,회현동_001_1,2,49.0,6557.0
20250607,출발시간,925,ST-2793,장위2동_005_1,ST-3264,장위3동_029_2,1,11.0,1392.0
20250607,도착시간,1655,ST-3224,신정3동_010_2,ST-319,신월7동_015_1,1,15.0,870.0
20250607,도착시간,2140,ST-2017,목1동_031_1,ST-1017,목5동_008_1,1,11.0,1490.0
20250607,도착시간,755,ST-2509,전농2동_008_1,ST-2407,구의3동_009_2,1,33.0,6514.0
20250607,도착시간,2025,ST-3297,소공동_003_1,ST-2199,천연동_027_2,1,40.0,2507.0
20250607,출발시간,1900,ST-55,여의동_006_11,ST-67,여의동_037_2,1,7.0,904.0
20250607,도착시간,755,ST-1402,공항동_038_1,ST-1063,가양1동_016_1,1,3.0,353.0
20250607,도착시간,1335,ST-1264,청룡동_031_1,ST-2379,서원동_023_1,1,4.0,680.0
20250607,도착시간,1905,ST-1335,면목2동_026_1,ST-1380,망우3동_002_1,1,89.0,6814.0
20250607,출발시간,510,ST-1194,군자동_003_1,ST-1263,군자동_035_1,1,4.0,940.0
20250607,도착시간,2330,ST-211,망원2동_022_1,ST-3113,남가좌2동_021_1,1,18.0,3016.0
20250607,출발시간,1935,ST-1995,목1동_006_2,ST-3330,문래동_021_1,1,14.0,1821.0
20250607,도착시간,1305,ST-818,도곡1동_004_2,ST-1564,개포4동_034_1,1,9.0,1228.0
20250607,도착시간,1510,ST-553,잠실3동_034_1,ST-840,잠실3동_017_1,1,12.0,1656.0
20250607,출발시간,2025,ST-3376,세곡동_053_2,ST-904,문정2동_015_1,1,15.0,1755.0
20250607,출발시간,155,ST-2549,창4동_001_5,ST-3338,상계8동_011_2,1,19.0,2982.0
20250607,도착시간,2010,ST-1292,창4동_001_3,ST-1470,창4동_043_1,1,31.0,1915.0
20250607,출발시간,240,ST-788,논현1동_006_2,ST-1171,신사동_018_1,1,12.0,860.0
20250607,출발시간,940,ST-2792,하계2동_004_1,ST-2085,"중계2,3동_011_1",1,,
20250607,출발시간,1835,ST-505,성내3동_012_1,ST-2424,상일1동_006_3,1,61.0,5389.0
20250607,출발시간,1805,ST-2960,신정7동_021_1,ST-2011,신정6동_002_1,1,97.0,2780.0
20250607,도착시간,1245,ST-3276,화곡3동_021_1,ST-3226,등촌3동_001_5,1,16.0,2409.0
20250607,도착시간,1515,ST-2844,목5동_059_1,ST-2844,목5동_059_1,1,107.0,2180.0
20250607,출발시간,1410,ST-2716,"상계6,7동_037_1",ST-1285,"중계2,3동_046_1",1,3.0,624.0
20250607,도착시간,1110,ST-2428,낙성대동_002_1,ST-717,중앙동_028_1,1,9.0,1391.0
20250607,도착시간,2055,ST-2858,공항동_037_2,ST-2965,공항동_057_1,1,4.0,607.0
20250607,출발시간,1640,ST-2011,신정6동_002_1,ST-2020,등촌1동_025_1,1,33.0,5203.0
20250607,도착시간,2205,ST-2487,등촌1동_033_1,ST-2020,등촌1동_025_1,1,77.0,12670.0
20250607,도착시간,2005,ST-1279,"상계6,7동_027_2",ST-610,"상계6,7동_042_2",2,11.0,1224.0
20250607,출발시간,1850,ST-2481,화곡본동_015_1,ST-2888,우장산동_044_1,1,16.0,2280.0
20250607,출발시간,1210,ST-2774,목5동_063_1,ST-2039,목5동_023_1,1,11.0,1245.0
20250607,도착시간,1900,ST-1194,군자동_003_1,ST-445,군자동_032_2,1,6.0,826.0
20250607,출발시간,1855,ST-2223,석관동_001_1,ST-2896,공릉1동_040_2,1,19.0,1950.0
20250607,출발시간,2300,ST-2459,번1동_021_1,ST-2459,번1동_021_1,1,51.0,8805.0
20250607,도착시간,1640,ST-3042,성수1가2동_005_3,ST-1661,자양4동_009_1,1,50.0,2696.0
20250607,출발시간,1945,ST-1531,구로1동_003_1,ST-640,가산동_007_1,3,74.0,7143.0
20250607,도착시간,1300,ST-1064,발산1동_056_1,ST-522,우장산동_010_2,1,8.0,1113.0
20250607,도착시간,1345,ST-3187,당산2동_003_1,ST-278,양평2동_007_1,1,6.0,834.0
20250607,출발시간,925,ST-3291,을지로동_001_4,ST-186,장충동_008_1,1,25.0,1402.0
20250607,출발시간,1335,ST-1817,혜화동_027_1,ST-143,"종로1,2,3,4가동_002_2",1,14.0,2095.0
20250607,출발시간,2150,ST-3348,논현2동_018_1,ST-789,논현2동_042_1,1,6.0,939.0
20250607,도착시간,1545,ST-2081,하계1동_040_1,ST-604,공릉2동_044_3,1,3.0,573.0
20250607,도착시간,900,ST-1884,삼성1동_023_1,ST-3077,대치2동_010_1,1,5.0,698.0
20250607,출발시간,845,ST-1282,중계1동_052_1,ST-916,방학1동_031_1,1,20.0,4160.0
20250607,출발시간,1740,ST-2888,우장산동_044_1,ST-513,가양1동_025_1,1,29.0,2688.0
20250607,출발시간,1830,ST-1851,석촌동_036_1,ST-1730,송파1동_038_1,1,6.0,1117.0
20250607,출발시간,2115,ST-269,제기동_025_1,ST-408,용신동_007_2,1,14.0,1254.0
20250607,출발시간,1125,ST-3052,필동_004_1,ST-1774,소공동_001_7,1,61.0,3172.0
20250607,도착시간,2115,ST-89,성산2동_001_3,ST-3279,수색동_004_2,2,36.0,4102.0
20250607,도착시간,1210,ST-2948,남현동_008_1,ST-712,남현동_019_1,1,74.0,3469.0
20250607,도착시간,1355,ST-821,개포4동_029_1,ST-2655,양재2동_005_3,1,8.0,980.0
20250607,출발시간,1235,ST-3162,삼전동_039_1,ST-933,잠실본동_036_1,1,2.0,385.0
20250607,도착시간,740,ST-91,상암동_029_2,ST-2974,상암동_024_4,1,4.0,930.0
20250607,출발시간,1010,ST-205,도화동_004_1,ST-2685,일원1동_012_2,1,135.0,19298.0
20250607,출발시간,1840,ST-501,길동_059_1,ST-1837,길동_044_1,1,52.0,3061.0
20250607,도착시간,1940,ST-596,신내2동_004_2,ST-1333,묵1동_003_1,2,12.0,2008.0
20250607,출발시간,2155,ST-3341,문래동_017_1,ST-417,문래동_057_1,1,4.0,730.0
20250607,출발시간,1325,ST-175,숭인1동_009_1,ST-2543,군자동_023_1,1,23.0,5977.0
20250607,도착시간,1640,ST-1839,성내3동_018_2,ST-493,천호2동_029_2,2,47.0,5478.0
20250607,도착시간,2115,ST-1018,목5동_051_1,ST-3304,신정4동_045_1,1,13.0,1930.0
20250607,출발시간,450,ST-343,신수동_047_1,ST-204,용강동_039_1,1,4.0,1056.0
20250607,출발시간,1205,ST-2732,천호2동_019_1,ST-503,성내1동_004_1,1,45.0,1392.0
20250607,도착시간,1635,ST-2210,연희동_055_1,ST-459,녹번동_043_1,1,23.0,3997.0
20250607,출발시간,1940,ST-277,양평2동_017_1,ST-277,양평2동_017_1,2,81.0,9338.0
20250607,도착시간,2140,ST-1968,영등포동_016_1,ST-296,여의동_004_1,2,71.0,8799.0
20250607,도착시간,1935,ST-675,고척1동_042_1,ST-1228,개봉1동_055_1,1,8.0,771.0
20250607,출발시간,1245,ST-2906,신내1동_073_1,ST-1332,상봉2동_014_1,1,7.0,1533.0
20250607,도착시간,2335,ST-2299,상봉1동_003_1,ST-2633,신내1동_043_1,1,8.0,1578.0
20250607,출발시간,1210,ST-1186,수서동_023_1,ST-1076,가락1동_048_1,1,8.0,1508.0
20250607,도착시간,1935,ST-1275,구로5동_040_1,ST-1275,구로5동_040_1,1,48.0,729.0
20250607,출발시간,845,ST-3244,성산2동_063_1,ST-5,망원1동_024_1,1,19.0,2590.0
20250607,출발시간,1620,ST-1421,암사3동_006_2,ST-1686,암사2동_005_1,1,28.0,5860.0
20250607,도착시간,1345,ST-3094,등촌1동_003_1,ST-2020,등촌1동_025_1,1,,
20250607,출발시간,2050,ST-2815,영등포동_024_1,ST-664,신도림동_050_1,1,9.0,510.0
20250607,도착시간,1415,ST-3084,가양2동_002_1,ST-2944,가양1동_036_1,1,3.0,568.0
20250607,출발시간,1455,ST-342,성산1동_022_1,ST-339,망원1동_005_2,1,100.0,11626.0
20250607,출발시간,1805,ST-15,서강동_008_1,ST-26,대흥동_029_2,2,31.0,3658.0
20250607,출발시간,1500,ST-2822,영등포동_039_1,ST-1653,영등포동_009_1,1,58.0,1477.0
20250607,출발시간,1635,ST-539,잠실7동_001_1,ST-547,잠실2동_058_1,1,22.0,1219.0
20250607,도착시간,1845,ST-1109,수유3동_025_1,ST-862,수유3동_004_1,1,69.0,6652.0
20250607,출발시간,1020,ST-1103,미아동_007_1,ST-1101,미아동_004_1,1,2.0,350.0
20250607,도착시간,1135,ST-914,상계5동_001_2,ST-3116,"상계6,7동_005_1",1,17.0,2350.0
20250607,도착시간,2110,ST-1763,둔촌2동_020_1,ST-3329,길동_032_2,1,11.0,1768.0
20250607,출발시간,915,ST-1105,송중동_019_1,ST-3046,종암동_046_1,1,39.0,1589.0
20250607,도착시간,50,ST-1419,장지동_008_1,ST-2833,석촌동_015_1,1,15.0,4353.0
20250607,출발시간,855,ST-2481,화곡본동_015_1,ST-1519,화곡6동_014_1,1,9.0,1515.0
20250607,도착시간,1855,ST-1876,송파2동_008_1,ST-1295,창1동_015_2,1,104.0,24416.0
20250607,도착시간,1840,ST-359,행당1동_001_1,ST-1193,화양동_038_1,1,61.0,6229.0
20250607,출발시간,1540,ST-2463,개봉2동_004_1,ST-2463,개봉2동_004_1,1,118.0,3590.0
20250607,도착시간,1555,ST-2050,공항동_060_1,ST-2045,가양1동_012_12,1,8.0,1350.0
20250607,도착시간,1935,ST-3311,구로5동_001_3,ST-1323,도림동_002_1,1,3.0,318.0
20250607,도착시간,1315,ST-547,잠실2동_058_1,ST-547,잠실2동_058_1,1,105.0,10520.0
20250607,출발시간,1920,ST-611,"상계6,7동_009_2",ST-1124,상계2동_025_1,1,32.0,5140.0
20250607,도착시간,40,ST-2742,성내3동_011_1,ST-505,성내3동_012_1,1,,
20250607,출발시간,545,ST-351,연희동_066_3,ST-2168,서교동_001_1,1,5.0,873.0
20250607,도착시간,1655,ST-3086,방배본동_031_1,ST-64,여의동_006_15,2,79.0,11665.0
20250607,출발시간,1645,ST-289,문래동_003_2,ST-3331,문래동_022_1,1,17.0,1630.0
20250607,출발시간,1520,ST-1731,목1동_003_5,ST-1731,목1동_003_5,1,14.0,1110.0
20250607,도착시간,1305,ST-1300,장안1동_070_1,ST-276,답십리2동_004_1,1,13.0,1276.0
20250607,도착시간,715,ST-278,양평2동_007_1,ST-1350,목5동_002_2,1,14.0,1590.0
20250607,출발시간,1420,ST-2379,서원동_023_1,ST-976,신림동_027_2,1,3.0,441.0
20250607,도착시간,915,ST-3219,가산동_022_1,ST-1277,가산동_003_3,1,5.0,644.0
20250607,출발시간,1405,ST-2508,용신동_060_1,ST-1105,송중동_019_1,1,29.0,6680.0
20250607,도착시간,2035,ST-2815,영등포동_024_1,ST-295,당산2동_025_1,1,27.0,2749.0
20250607,도착시간,1240,ST-2013,신정7동_043_1,ST-2013,신정7동_043_1,2,148.0,2273.0
20250607,출발시간,1800,ST-764,서초3동_057_1,ST-2562,양재1동_031_1,1,32.0,4337.0
20250607,출발시간,1450,ST-1376,남영동_003_3,ST-2172,남영동_001_1,1,7.0,1160.0
20250607,도착시간,910,ST-2742,성내3동_011_1,ST-2742,성내3동_011_1,1,,
20250607,출발시간,1720,ST-3214,방이2동_006_1,ST-891,잠실6동_001_7,1,3.0,712.0
20250607,도착시간,10,ST-3163,목1동_037_2,ST-2007,신정2동_028_1,1,6.0,780.0
20250607,출발시간,1530,ST-528,등촌2동_026_1,ST-2492,가양1동_003_2,1,23.0,3320.0
20250607,도착시간,735,ST-419,당산1동_006_1,ST-3331,문래동_022_1,1,2.0,1460.0
20250607,출발시간,1225,ST-825,성북동_015_2,ST-931,성북동_018_1,1,3.0,615.0
20250607,출발시간,1235,ST-818,도곡1동_004_2,ST-1654,도곡2동_048_1,1,3.0,604.0
20250607,도착시간,1155,ST-2031,가양1동_018_1,ST-2035,가양1동_016_5,1,3.0,1630.0
20250607,출발시간,1300,ST-2050,공항동_060_1,ST-2871,가양1동_016_8,2,9.0,1004.0
20250607,도착시간,2230,ST-1603,능동_002_2,ST-572,월곡2동_024_1,2,136.0,14351.0
20250607,출발시간,1440,ST-2397,신정6동_036_1,ST-1995,목1동_006_2,1,12.0,1794.0
20250607,도착시간,1230,ST-2916,잠실본동_035_1,ST-2674,도곡1동_012_1,1,30.0,4764.0
20250607,출발시간,35,ST-3314,문래동_001_2,ST-67,여의동_037_2,2,73.0,14031.0
20250607,출발시간,1635,ST-1349,공릉2동_020_1,ST-1333,묵1동_003_1,1,8.0,814.0
20250607,출발시간,1640,ST-495,성내3동_041_1,ST-495,성내3동_041_1,1,102.0,4598.0
20250607,출발시간,1845,ST-2013,신정7동_043_1,ST-2014,신정7동_001_2,1,3.0,750.0
20250607,출발시간,1230,ST-59,여의동_051_6,ST-2646,여의동_002_10,1,10.0,1149.0
20250607,출발시간,2040,ST-1715,가양1동_012_5,ST-2050,공항동_060_1,1,5.0,1046.0
20250607,도착시간,1230,ST-679,개봉3동_029_1,ST-1226,고척1동_023_1,1,16.0,2736.0
20250607,도착시간,1810,ST-1958,오류2동_060_1,ST-1239,오류2동_018_1,1,2.0,433.0
20250607,도착시간,1935,ST-2762,신정4동_013_1,ST-997,목4동_036_1,1,29.0,3040.0
20250607,도착시간,1405,ST-237,행당1동_007_1,ST-1628,청량리동_003_1,1,36.0,4589.0
20250607,출발시간,1050,ST-55,여의동_006_11,ST-55,여의동_006_11,1,6.0,868.0
20250607,출발시간,1925,ST-2634,면목7동_043_1,ST-2301,면목5동_030_3,1,6.0,617.0
20250607,도착시간,1335,ST-2763,신정6동_020_1,ST-2692,신정7동_001_3,1,,
20250607,도착시간,1115,ST-2563,문래동_060_1,ST-2563,문래동_060_1,1,36.0,1563.0
20250607,도착시간,1145,ST-1495,목5동_035_1,ST-1495,목5동_035_1,1,108.0,1965.0
20250607,출발시간,1955,ST-2274,제기동_043_1,ST-655,종암동_012_1,1,47.0,1836.0
20250607,출발시간,2310,ST-108,성수1가1동_029_1,ST-983,중곡1동_015_1,1,46.0,5245.0
20250607,출발시간,1255,ST-2666,서초2동_040_1,ST-3179,일원1동_012_3,1,38.0,6255.0
20250607,도착시간,2255,ST-1694,화곡3동_015_1,ST-1069,화곡6동_027_1,1,99.0,1429.0
20250607,출발시간,2215,ST-610,"상계6,7동_042_2",ST-2063,"상계6,7동_049_1",1,3.0,591.0
20250607,출발시간,1415,ST-877,노량진1동_001_5,ST-548,잠실2동_050_1,1,153.0,19648.0
20250607,출발시간,2145,ST-853,묵1동_015_1,ST-1333,묵1동_003_1,1,2.0,660.0
20250607,도착시간,1715,ST-1649,영등포동_025_1,ST-3142,영등포본동_020_3,1,8.0,653.0
20250607,도착시간,1750,ST-66,여의동_006_16,ST-3187,당산2동_003_1,1,29.0,4420.0
20250607,출발시간,1235,ST-603,공릉2동_029_2,ST-1132,창4동_001_1,1,48.0,6402.0
20250607,도착시간,1300,ST-750,반포3동_015_5,ST-3003,성수2가3동_004_2,1,60.0,9474.0
20250607,도착시간,2220,ST-1353,영등포본동_037_1,ST-1353,영등포본동_037_1,1,43.0,8690.0
20250607,도착시간,1845,ST-2456,한강로동_001_1,ST-2240,이촌2동_012_1,3,79.0,7216.0
20250607,출발시간,2255,ST-1510,등촌1동_043_1,ST-516,등촌1동_012_1,1,5.0,889.0
20250607,도착시간,1630,ST-2013,신정7동_043_1,ST-73,여의동_010_1,2,169.0,26307.0
20250607,도착시간,1115,ST-600,월계1동_011_1,ST-2083,월계2동_014_3,1,13.0,2277.0
20250607,도착시간,1110,ST-1266,중곡1동_022_1,ST-947,삼선동_026_1,1,53.0,9629.0
20250607,도착시간,1335,ST-376,마장동_019_1,ST-564,종암동_008_2,2,67.0,10640.0
20250607,도착시간,1705,ST-935,방배4동_006_1,ST-754,방배2동_033_1,1,12.0,1898.0
20250607,도착시간,815,ST-1660,자양3동_013_1,ST-2305,자양3동_007_1,1,4.0,758.0
